# Host: localhost  (Version: 5.5.32)
# Date: 2015-04-27 00:13:51
# Generator: MySQL-Front 5.3  (Build 4.198)

/*!40101 SET NAMES latin1 */;

#
# Structure for table "customer"
#

DROP TABLE IF EXISTS `customer`;
CREATE TABLE `customer` (
  `idcustomer` varchar(11) NOT NULL DEFAULT '',
  `nama` varchar(255) DEFAULT NULL,
  `email` varchar(255) DEFAULT NULL,
  `telp` varchar(255) DEFAULT NULL,
  `alamat` varchar(255) DEFAULT NULL,
  PRIMARY KEY (`idcustomer`)
) ENGINE=InnoDB DEFAULT CHARSET=latin1;

#
# Data for table "customer"
#

INSERT INTO `customer` VALUES ('0164729','DFxhUaclL',NULL,NULL,NULL),('0164938','TiarbwFPz',NULL,NULL,NULL),('0165293','QKnHlZVyJ',NULL,NULL,NULL),('0174269','yqpNFZYnx',NULL,NULL,NULL),('0176295','BnMQuGdHE',NULL,NULL,NULL),('0185762','qkwPAaBKo',NULL,NULL,NULL),('0194785','FWSxjJydp',NULL,NULL,NULL),('0243786','wPRcblNGA',NULL,NULL,NULL),('0243815','FloeSKbYU',NULL,NULL,NULL),('0246985','HVGbUwrYm',NULL,NULL,NULL),('0249536','ZexMknXDs',NULL,NULL,NULL),('0253671','jSzUVwkps',NULL,NULL,NULL),('0275894','rIucAwEKj',NULL,NULL,NULL),('0287536','mKDGbOuYy',NULL,NULL,NULL),('0291683','cAEFGOJXW',NULL,NULL,NULL),('0318267','eraxUMJGE',NULL,NULL,NULL),('0324719','zeycWrsUZ',NULL,NULL,NULL),('0348725','NnQlThgOf',NULL,NULL,NULL),('0348759','QctVUxwRs',NULL,NULL,NULL),('0362458','fJCNAXOtg',NULL,NULL,NULL),('0368475','BUTIyQfim',NULL,NULL,NULL),('0389452','zpkxeirAd',NULL,NULL,NULL),('0396174','wXEVvjOfZ',NULL,NULL,NULL),('0453861','YQyAMidbI',NULL,NULL,NULL),('0456129','NywWnkcAL',NULL,NULL,NULL),('0459123','CXkxQnWjY',NULL,NULL,NULL),('0475213','wvCTnZmtE',NULL,NULL,NULL),('0479623','wokBDCZUb',NULL,NULL,NULL),('0487961','hBQvswUGL',NULL,NULL,NULL),('0496725','wbzpHPXqU',NULL,NULL,NULL),('0498123','lPhCVpcOk',NULL,NULL,NULL),('0542681','SFPZgMXkC',NULL,NULL,NULL),('0625873','FIpxknaiV',NULL,NULL,NULL),('0628173','FHKCfMBTj',NULL,NULL,NULL),('0631549','DbUHXkyjS',NULL,NULL,NULL),('0632159','NkTPEzpgH',NULL,NULL,NULL),('0632794','AmNfiGnOH',NULL,NULL,NULL),('0678512','zbCcGjNPW',NULL,NULL,NULL),('0687143','HmbOpzdgR',NULL,NULL,NULL),('0713296','TfcWbUoRr',NULL,NULL,NULL),('0715346','YXwifEmcu',NULL,NULL,NULL),('0716234','tTqjUwyFr',NULL,NULL,NULL),('0734652','SQFtrlDIz',NULL,NULL,NULL),('0742159','TRitEWOUy',NULL,NULL,NULL),('0749613','HUbDgdEzq',NULL,NULL,NULL),('0752893','yblmRiXvE',NULL,NULL,NULL),('0764395','mDzcadHjL',NULL,NULL,NULL),('0765428','ksNLBZtxH',NULL,NULL,NULL),('0783964','dIieoKzjb',NULL,NULL,NULL),('0789234','vxIEpDnUJ',NULL,NULL,NULL),('0792813','bjgnwUmIc',NULL,NULL,NULL),('0795341','GzKlQYfjT',NULL,NULL,NULL),('0796834','JIdvxsACn',NULL,NULL,NULL),('0814379','FZiYjgLJo',NULL,NULL,NULL),('0826459','ziBuaYKhS',NULL,NULL,NULL),('0831624','dHaPlwbOC',NULL,NULL,NULL),('0849765','cMClYOsIT',NULL,NULL,NULL),('0859734','ijQuASdcE',NULL,NULL,NULL),('0863719','lbyxDHsSe',NULL,NULL,NULL),('0869215','bJqsfvPQG',NULL,NULL,NULL),('0869415','WaeQkRHvn',NULL,NULL,NULL),('0892435','YntSReupf',NULL,NULL,NULL),('0893527','bsShxRAGo',NULL,NULL,NULL),('0913764','MnHWkpfhD',NULL,NULL,NULL),('0934571','gTvihUKfQ',NULL,NULL,NULL),('0934658','DxKIkcnVU',NULL,NULL,NULL),('0947835','YqzhMuXGb',NULL,NULL,NULL),('0951732','SaVpBFrUi',NULL,NULL,NULL),('0953248','hpELPmDYU',NULL,NULL,NULL),('0961283','MAfoCiUmI',NULL,NULL,NULL),('0961543','xCpvRkhKM',NULL,NULL,NULL),('0963182','KeqcYrlBm',NULL,NULL,NULL),('0967125','OMjYTurAy',NULL,NULL,NULL),('0967251','mnzIAiobj',NULL,NULL,NULL),('0982573','uCERbnDWS',NULL,NULL,NULL),('1025463','beYiALzWt',NULL,NULL,NULL),('1034782','XmFajtAiw',NULL,NULL,NULL),('1052476','JYgZHoqSz',NULL,NULL,NULL),('1063249','lfHnWhLPe',NULL,NULL,NULL),('1063528','BGbvXpDqT',NULL,NULL,NULL),('1072438','SWonhuBlw',NULL,NULL,NULL),('1086274','PhcuvqkeE',NULL,NULL,NULL),('1089245','IgUoySidb',NULL,NULL,NULL),('1134010049','Ardha Herdianto',NULL,NULL,NULL),('1209657','NhnPryQtX',NULL,NULL,NULL),('1230487','gDJRVimpB',NULL,NULL,NULL),('1270359','DwOvENxSd',NULL,NULL,NULL),('1273486','rdajtGQfz',NULL,NULL,NULL),('1279635','LrmoBIKHx',NULL,NULL,NULL),('1285369','qktzXeKRF',NULL,NULL,NULL),('1289037','gyTVfsIPr',NULL,NULL,NULL),('1306594','gWCuXrjiz',NULL,NULL,NULL),('1309467','zjYQathXo',NULL,NULL,NULL),('1340569','RGJfurEHv',NULL,NULL,NULL),('1345678','muvXhFnLp',NULL,NULL,NULL),('1345790','STQKXeIwZ',NULL,NULL,NULL),('1352840','CINwUuZqa',NULL,NULL,NULL),('1358209','rvQKGqzLn',NULL,NULL,NULL),('1375290','tpuehosGa',NULL,NULL,NULL),('1398564','WGJLmpflP',NULL,NULL,NULL),('1426053','cBENlGPZW',NULL,NULL,NULL),('1426530','YqkyNbzDI',NULL,NULL,NULL),('1463802','wqopmJtkc',NULL,NULL,NULL),('1469320','RyYjnzUCe',NULL,NULL,NULL),('1478095','vwAxljGpV',NULL,NULL,NULL),('1479250','IihBKraFu',NULL,NULL,NULL),('1486370','LeumjGpoC',NULL,NULL,NULL),('1495720','yksFxmzWG',NULL,NULL,NULL),('1497528','vwqRnLVFJ',NULL,NULL,NULL),('1536789','uzRWGpCaK',NULL,NULL,NULL),('1537982','DkoqJlfTv',NULL,NULL,NULL),('1540286','hfYTClNQK',NULL,NULL,NULL),('1547620','qxbYKlzhC',NULL,NULL,NULL),('1562980','gWwCSIEVX',NULL,NULL,NULL),('1583692','bErdaIUxW',NULL,NULL,NULL),('1586079','OiwJZRqPe',NULL,NULL,NULL),('1592867','OYRkrSxzm',NULL,NULL,NULL),('1598723','ylvItcUjY',NULL,NULL,NULL),('1653704','UShbJXCxl',NULL,NULL,NULL),('1657392','zArLeRNGX',NULL,NULL,NULL),('1672389','ayJbZRwOt',NULL,NULL,NULL),('1678950','oNCLRPFQO',NULL,NULL,NULL),('1679305','NGhsErJmW',NULL,NULL,NULL),('1679584','maOlCniRF',NULL,NULL,NULL),('1680397','IbSTnyOzq',NULL,NULL,NULL),('1680973','DindtIYwm',NULL,NULL,NULL),('1704289','DRBHaVsLI',NULL,NULL,NULL),('1729645','GeDJSYcRN',NULL,NULL,NULL),('1732964','SovmAIrYt',NULL,NULL,NULL),('1758234','sdKVXghzR',NULL,NULL,NULL),('1764308','GbSQtIlrL',NULL,NULL,NULL),('1820579','uvZxtiUoS',NULL,NULL,NULL),('1825403','khVgnPvwo',NULL,NULL,NULL),('1832706','xukUdNZSA',NULL,NULL,NULL),('1854360','KkMmhdcbo',NULL,NULL,NULL),('1872395','AHNqyTFzf',NULL,NULL,NULL),('1876594','dJQBRWvyY',NULL,NULL,NULL),('1895246','UmVXTLQOZ',NULL,NULL,NULL),('1935248','ZLbcdqrfp',NULL,NULL,NULL),('1946753','tWiMqgfJV',NULL,NULL,NULL),('1950642','OkbwPRxES',NULL,NULL,NULL),('1980267','knufBicgH',NULL,NULL,NULL),('2016785','MJaifQZvH',NULL,NULL,NULL),('2039467','whzSHpWgV',NULL,NULL,NULL),('2061394','kuvsbyAQS',NULL,NULL,NULL),('2063491','ixGZmytzW',NULL,NULL,NULL),('2069478','MxobjmBLf',NULL,NULL,NULL),('2076348','xqJLIViwT',NULL,NULL,NULL),('2104679','UwGxMzeXd',NULL,NULL,NULL),('2135978','iuPEjWIOf',NULL,NULL,NULL),('2159083','FzZUEGeAP',NULL,NULL,NULL),('2159760','oeulsHaQp',NULL,NULL,NULL),('2169584','ZCcaINYjF',NULL,NULL,NULL),('2183704','bJatdsyrw',NULL,NULL,NULL),('2304617','sRPSWyOlz',NULL,NULL,NULL),('2309741','raXuTyLsS',NULL,NULL,NULL),('2314607','KjFLRSxUQ',NULL,NULL,NULL),('2317864','LFBWJpRqz',NULL,NULL,NULL),('2318609','ubMIPhHVi',NULL,NULL,NULL),('2357184','aOioypDvX',NULL,NULL,NULL),('2358716','sKocMrenW',NULL,NULL,NULL),('2360548','lXJwuzHQE',NULL,NULL,NULL),('2369157','tsBUziNLZ',NULL,NULL,NULL),('2380147','lEQNYMrph',NULL,NULL,NULL),('2390548','rndtzbjZw',NULL,NULL,NULL),('2401958','HInABKDwq',NULL,NULL,NULL),('2413907','avShRjHPJ',NULL,NULL,NULL),('2470983','JtgrwfbuT',NULL,NULL,NULL),('2475613','reqXbKHGx',NULL,NULL,NULL),('2503971','TsnhFwzPZ',NULL,NULL,NULL),('2510843','xXhbenUdf',NULL,NULL,NULL),('2519703','GbdQexuHD',NULL,NULL,NULL),('2541367','CMRhnFAif',NULL,NULL,NULL),('2567814','lNywAGCUY',NULL,NULL,NULL),('2576031','jnFGaqsJp',NULL,NULL,NULL),('2584317','LNtekuDjU',NULL,NULL,NULL),('2597148','gUCdEvFhG',NULL,NULL,NULL),('2653419','wDPgpocrt',NULL,NULL,NULL),('2671089','ATBEVNkSL',NULL,NULL,NULL),('2680749','laBoMXTyN',NULL,NULL,NULL),('2685973','trYiaPDlv',NULL,NULL,NULL),('2689145','jvFbywCdD',NULL,NULL,NULL),('2695078','sxXnNaJcp',NULL,NULL,NULL),('2697453','aWoVxliKG',NULL,NULL,NULL),('2701568','ApQzqEnlt',NULL,NULL,NULL),('2704315','ShJzZKtNg',NULL,NULL,NULL),('2738019','HxVztiDCU',NULL,NULL,NULL),('2738106','uNymFGUiM',NULL,NULL,NULL),('2765038','BEhHgwvYL',NULL,NULL,NULL),('2791480','fdUyOAXbV',NULL,NULL,NULL),('2793816','zLEJuHxGk',NULL,NULL,NULL),('2798640','cMvBlTNUA',NULL,NULL,NULL),('2814307','BiVwhqkcU',NULL,NULL,NULL),('2846371','eAtDvPndg',NULL,NULL,NULL),('2895346','akYTMCzId',NULL,NULL,NULL),('2908356','apoVDgGEB',NULL,NULL,NULL),('2915473','TLthfGkjn',NULL,NULL,NULL),('2918547','ZbGciIjzM',NULL,NULL,NULL),('2931856','TutKxAXQb',NULL,NULL,NULL),('2936174','XJtMDnONq',NULL,NULL,NULL),('2954601','maNhfMrUo',NULL,NULL,NULL),('2967401','cbWBupzgL',NULL,NULL,NULL),('2968513','aRWCVthNK',NULL,NULL,NULL),('2978465','TiHDQgmsl',NULL,NULL,NULL),('3025917','jWHgTQRpe',NULL,NULL,NULL),('3042175','TKERgzlQF',NULL,NULL,NULL),('3049652','OHhblZiqR',NULL,NULL,NULL),('3082157','WEDvgsRiz',NULL,NULL,NULL),('3096724','NcLqHmzYd',NULL,NULL,NULL),('3105829','lOFjBrPgx',NULL,NULL,NULL),('3108529','WdYjFnCus',NULL,NULL,NULL),('3154869','faEYoguxQ',NULL,NULL,NULL),('3162704','hOMmRiTBw',NULL,NULL,NULL),('3176092','zkZePbuUM',NULL,NULL,NULL),('3195427','qLYuyrOsC',NULL,NULL,NULL),('3196478','zNxaTjowW',NULL,NULL,NULL),('3210746','WVztFyGOc',NULL,NULL,NULL),('3214605','hcXKEvbeB',NULL,NULL,NULL),('3217604','eUWpOsqHZ',NULL,NULL,NULL),('3248096','FybYndwSk',NULL,NULL,NULL),('3248507','jUCdbRvQi',NULL,NULL,NULL),('3249670','IVAHdFeOC',NULL,NULL,NULL),('3268479','FBqtpuTMy',NULL,NULL,NULL),('3269847','ZaNCiAPub',NULL,NULL,NULL),('3295641','PNYqBxWgU',NULL,NULL,NULL),('3402598','EBvWgJdOp',NULL,NULL,NULL),('3409761','WRuLoPbdI',NULL,NULL,NULL),('3428795','pIPnXrjKU',NULL,NULL,NULL),('3429608','eDpSxBolW',NULL,NULL,NULL),('3450621','tdylCeOYS',NULL,NULL,NULL),('3529781','qZEdObtWj',NULL,NULL,NULL),('3564807','vkywGDHtN',NULL,NULL,NULL),('3578204','ZNCdclrAP',NULL,NULL,NULL),('3578492','EmRIuxhJg',NULL,NULL,NULL),('3594860','znUMwlkuD',NULL,NULL,NULL),('3597860','TspwqBMNo',NULL,NULL,NULL),('3598162','WgwryTCmq',NULL,NULL,NULL),('3609817','FIjKGbsuh',NULL,NULL,NULL),('3619728','dIpcthWYT',NULL,NULL,NULL),('3624108','PHuoGWSOY',NULL,NULL,NULL),('3627508','rHbefFxWR',NULL,NULL,NULL),('3628497','EDLOxzsrP',NULL,NULL,NULL),('3628571','ItCLuOvGA',NULL,NULL,NULL),('3640587','kWgrJIndy',NULL,NULL,NULL),('3651742','myXahGYzt',NULL,NULL,NULL),('3659271','bsSNQnqzo',NULL,NULL,NULL),('3719462','sYgvuBRAf',NULL,NULL,NULL),('3762801','wMgjLrHFl',NULL,NULL,NULL),('3764592','DBMyYvcCT',NULL,NULL,NULL),('3786420','cBndvKWTo',NULL,NULL,NULL),('3809726','xlImPWHek',NULL,NULL,NULL),('3810926','FjSrKmRNa',NULL,NULL,NULL),('3860219','lYaZhRsfi',NULL,NULL,NULL),('3862514','nKfiwelbT',NULL,NULL,NULL),('3865724','MSsZYmJpE',NULL,NULL,NULL),('3906287','dquvnLSOW',NULL,NULL,NULL),('3926408','XCQYanPmH',NULL,NULL,NULL),('3967421','jBOGoSaqM',NULL,NULL,NULL),('3978625','PFbXHmwhW',NULL,NULL,NULL),('3982506','vABtbGElD',NULL,NULL,NULL),('4017963','xlIDHRAaM',NULL,NULL,NULL),('4035816','jTPFvfCea',NULL,NULL,NULL),('4058176','vrlQVkhEX',NULL,NULL,NULL),('4062395','oHIyFQxiq',NULL,NULL,NULL),('4089721','KaToPzwtk',NULL,NULL,NULL),('4123086','oepEsvAmU',NULL,NULL,NULL),('4136275','uwVbPRjlY',NULL,NULL,NULL),('4139802','eunYxgqKm',NULL,NULL,NULL),('4172359','KaunJTDMW',NULL,NULL,NULL),('4173269','mgDywKdVb',NULL,NULL,NULL),('4208315','AhqPwQdke',NULL,NULL,NULL),('4210398','AZFpUtPjM',NULL,NULL,NULL),('4210793','CheASBwbY',NULL,NULL,NULL),('4213689','QDBsRCUEZ',NULL,NULL,NULL),('4219806','VrnJloyxI',NULL,NULL,NULL),('4237698','wSmypicOU',NULL,NULL,NULL),('4238076','BOLJuAovK',NULL,NULL,NULL),('4253978','uXkZhndMa',NULL,NULL,NULL),('4278591','EEK','budi@santoso.com','898398094','Surabaya'),('4281053','JfFwUdOKc',NULL,NULL,NULL),('4296058','ICMwveqRd',NULL,NULL,NULL),('4297568','AwnbczDkd',NULL,NULL,NULL),('4309576','fcOKhTwkj',NULL,NULL,NULL),('4351072','lcPZqENgs',NULL,NULL,NULL),('4365921','UsNCJgWxK',NULL,NULL,NULL),('4369187','EDBoNWvIu',NULL,NULL,NULL),('4386150','qctVGZgYB',NULL,NULL,NULL),('4503829','iDTtEUlpd',NULL,NULL,NULL),('4518392','kgDylbqCf',NULL,NULL,NULL),('4528071','cdHUgGrCI',NULL,NULL,NULL),('4532186','aElkcJyQY',NULL,NULL,NULL),('4561289','RgJmakeMl',NULL,NULL,NULL),('4568791','PoaVEGUsv',NULL,NULL,NULL),('4570163','pQaUcyBbM',NULL,NULL,NULL),('4572936','EqBAeCDhH',NULL,NULL,NULL),('4586279','iwTVjBZth',NULL,NULL,NULL),('4598601','nJQKIjoRZ',NULL,NULL,NULL),('4615978','IrgCpUvTH',NULL,NULL,NULL),('4637802','jiGRLepld',NULL,NULL,NULL),('4692587','UJDFguaYh',NULL,NULL,NULL),('4695837','jsmlZDaIC',NULL,NULL,NULL),('4701693','JWstyASmF',NULL,NULL,NULL),('4702653','nPopFbQRJ',NULL,NULL,NULL),('4710836','ZzCJadELm',NULL,NULL,NULL),('4718629','nNlOawTXe',NULL,NULL,NULL),('4728365','nxlJCiHAK',NULL,NULL,NULL),('4729506','McCzxGqXE',NULL,NULL,NULL),('4731965','eHjmJKrbt',NULL,NULL,NULL),('4739281','MjbKGEfJU',NULL,NULL,NULL),('4753960','FTAbavhXi',NULL,NULL,NULL),('4786359','wEntJKQLy',NULL,NULL,NULL),('4795381','wNOQEvUjC',NULL,NULL,NULL),('4819027','GWNSKnILA',NULL,NULL,NULL),('4829735','VXudzTjrv',NULL,NULL,NULL),('4873152','TegRutZGa',NULL,NULL,NULL),('4873216','YGTzOgUoZ',NULL,NULL,NULL),('4903625','HIoPNsALy',NULL,NULL,NULL),('4912675','jCSrocbOx',NULL,NULL,NULL),('4916230','veSiEwfrM',NULL,NULL,NULL),('4921680','ErjfOXCBw',NULL,NULL,NULL),('4923865','epbUXHmWg',NULL,NULL,NULL),('4926358','hGRzNlAfT',NULL,NULL,NULL),('4926715','eWJQohtsA',NULL,NULL,NULL),('4935760','TfbRhBAWV',NULL,NULL,NULL),('5012697','ABpJVPOlb',NULL,NULL,NULL),('5012798','GieDnNEux',NULL,NULL,NULL),('5023467','SrWLDcgIE',NULL,NULL,NULL),('5026938','DCBYWnKQd',NULL,NULL,NULL),('5046129','xfXZVDEaM',NULL,NULL,NULL),('5046718','SxguRjzZI',NULL,NULL,NULL),('5049623','RedDvYhEm',NULL,NULL,NULL),('5069834','eJKQFhDUf',NULL,NULL,NULL),('5074916','qHTADwrhV',NULL,NULL,NULL),('5076382','uqMvICUWy',NULL,NULL,NULL),('5081732','kDzMlxKsG',NULL,NULL,NULL),('5086793','ENTaCkwdY',NULL,NULL,NULL),('5087139','hWmnQMeus',NULL,NULL,NULL),('5092184','mHCrecDXZ',NULL,NULL,NULL),('5094163','zUujnWZTK',NULL,NULL,NULL),('5096214','cuotgGlHY',NULL,NULL,NULL),('5143872','BmoLnufwv',NULL,NULL,NULL),('5173486','MEWgjknAz',NULL,NULL,NULL),('5203741','OiSnaGwIE',NULL,NULL,NULL),('5208417','cIHFThCKo',NULL,NULL,NULL),('5217498','jqkWtHloa',NULL,NULL,NULL),('5234970','axHAfBueC',NULL,NULL,NULL),('5238107','owGYXriqn',NULL,NULL,NULL),('5247963','VIhQyPxgN',NULL,NULL,NULL),('5294108','whrMAiKXN',NULL,NULL,NULL),('5302184','jblZrLdeD',NULL,NULL,NULL),('5346201','UBubnPqAG',NULL,NULL,NULL),('5348071','XnKJPUpdl',NULL,NULL,NULL),('5376401','UfPgbQoFT',NULL,NULL,NULL),('5387420','YDzUNlajp',NULL,NULL,NULL),('5401387','DoXJjMmyP',NULL,NULL,NULL),('5406829','iEvSuomZY',NULL,NULL,NULL),('5472906','BcuKpSDvt',NULL,NULL,NULL),('5478960','ExMboOfPZ',NULL,NULL,NULL),('5480731','DprbJSEHY',NULL,NULL,NULL),('5608213','tzYjqoLmO',NULL,NULL,NULL),('5618943','NqTSrcBXF',NULL,NULL,NULL),('5624819','ETtVRWBSc',NULL,NULL,NULL),('5639071','Juyphwako',NULL,NULL,NULL),('5692137','lWXiEcNgm',NULL,NULL,NULL),('5709134','FenmfIHus',NULL,NULL,NULL),('5714683','QxsWGNckf',NULL,NULL,NULL),('5732810','SgespVPYC',NULL,NULL,NULL),('5742308','ZAuSRfokU',NULL,NULL,NULL),('5748012','dMnVZgcwE',NULL,NULL,NULL),('5749102','GjkOezKvw',NULL,NULL,NULL),('5749613','kgKiOcotB',NULL,NULL,NULL),('5783960','ioZQbFjzX',NULL,NULL,NULL),('5794126','HbrzmhcUR',NULL,NULL,NULL),('5812630','fEmgCxlqA',NULL,NULL,NULL),('5812946','yPbOTxKXa',NULL,NULL,NULL),('5816320','nGTqLIBtd',NULL,NULL,NULL),('5824397','famgOjuGB',NULL,NULL,NULL),('5870926','blXiqSFUm',NULL,NULL,NULL),('5874621','JqXRlWeTy',NULL,NULL,NULL),('5907842','yaNRCqXTf',NULL,NULL,NULL),('5918426','FEKeZqVMB',NULL,NULL,NULL),('5921863','NtihUwyVq',NULL,NULL,NULL),('5930814','eCMkPcbpj',NULL,NULL,NULL),('5942708','BTWiECtSM',NULL,NULL,NULL),('5943687','VpnhfMogv',NULL,NULL,NULL),('5943872','dKUqSzXlI',NULL,NULL,NULL),('5947836','GwxghIJvM',NULL,NULL,NULL),('5960237','nkuRqmMpV',NULL,NULL,NULL),('5962347','rEjdpACHU',NULL,NULL,NULL),('5986743','DTEBXkvVA',NULL,NULL,NULL),('6013425','TCFBZxNLO',NULL,NULL,NULL),('6021894','SajMpZQch',NULL,NULL,NULL),('6078532','aViEzqhBj',NULL,NULL,NULL),('6084153','cLPawtxhG',NULL,NULL,NULL),('6120948','qTWEXtOik',NULL,NULL,NULL),('6128953','fbSyapjPK',NULL,NULL,NULL),('6138570','fPhptWOHk',NULL,NULL,NULL),('6148932','IvqPgFxSu',NULL,NULL,NULL),('6152408','uOsqMdNgF',NULL,NULL,NULL),('6153847','MLzHOtsAk',NULL,NULL,NULL),('6174509','qPYjnBFKb',NULL,NULL,NULL),('6189243','UfBPnOLZK',NULL,NULL,NULL),('6219375','wADXtlTGm',NULL,NULL,NULL),('6249503','WbjSOThxD',NULL,NULL,NULL),('6253049','zWeuqSivE',NULL,NULL,NULL),('6271453','IFHBLxyzT',NULL,NULL,NULL),('6275340','qeoHJOQRI',NULL,NULL,NULL),('6279540','AEUXOarwo',NULL,NULL,NULL),('6348091','vPkcCMNEf',NULL,NULL,NULL),('6350241','LNGUIRiAK',NULL,NULL,NULL),('6357014','fYdgpMVoy',NULL,NULL,NULL),('6409281','gpKDNzfwS',NULL,NULL,NULL),('6413827','RTxdOBKoS',NULL,NULL,NULL),('6458032','CovtURGpH',NULL,NULL,NULL),('6475019','YlCvifZyG',NULL,NULL,NULL),('6480125','MuscthSTm',NULL,NULL,NULL),('6502987','aCrlbBoZt',NULL,NULL,NULL),('6538719','dIaeoUPGC',NULL,NULL,NULL),('6549820','NzIAaeQph',NULL,NULL,NULL),('6580793','ciuGLnXAt',NULL,NULL,NULL),('6598714','LkgPOwAMi',NULL,NULL,NULL),('6715348','yGYorVjvF',NULL,NULL,NULL),('6729051','cxRQlKbhy',NULL,NULL,NULL),('6730152','FYoCkyWOz',NULL,NULL,NULL),('6734150','SIbmKiveY',NULL,NULL,NULL),('6754193','hOUAXqSon',NULL,NULL,NULL),('6780921','JqQEatmjv',NULL,NULL,NULL),('6785329','OcStTMDHn',NULL,NULL,NULL),('6803145','MuVlaAzoX',NULL,NULL,NULL),('6813259','gKMfzoZlu',NULL,NULL,NULL),('6827391','vEjQuwdYs',NULL,NULL,NULL),('6857412','uqSyPesmY',NULL,NULL,NULL),('6870931','LuFafnkHY',NULL,NULL,NULL),('6904157','alkmvbqcG',NULL,NULL,NULL),('6910432','DIdkTzLea',NULL,NULL,NULL),('6923514','HeTFWIQPo',NULL,NULL,NULL),('6927830','WgShLVEqj',NULL,NULL,NULL),('6953728','YnKgRMsej',NULL,NULL,NULL),('6953821','CXDUnEJaB',NULL,NULL,NULL),('6970182','dOtNQHPih',NULL,NULL,NULL),('6981573','vLYcNduhF',NULL,NULL,NULL),('6985124','oBwPrphtR',NULL,NULL,NULL),('6987152','MvLalqYpu',NULL,NULL,NULL),('7032465','xmNjMbaSi',NULL,NULL,NULL),('7034862','lyAnCFmHe',NULL,NULL,NULL),('7053418','wLJbQrPoF',NULL,NULL,NULL),('7064312','ZGkhPsylU',NULL,NULL,NULL),('7083125','JopfdLGyq',NULL,NULL,NULL),('7083249','SKuHLWoIV',NULL,NULL,NULL),('7092348','rPoSOhUAm',NULL,NULL,NULL),('7095816','AoXpfVMBq',NULL,NULL,NULL),('7106359','VrbsUPiXM',NULL,NULL,NULL),('7124638','MfTJhsiLn',NULL,NULL,NULL),('7149035','geIVlHSaf',NULL,NULL,NULL),('7186230','uzbXdNtQF',NULL,NULL,NULL),('7193284','vctIAiMFq',NULL,NULL,NULL),('7196352','QfhokprAs',NULL,NULL,NULL),('7206835','lRHyYJpXi',NULL,NULL,NULL),('7210843','ZmqlHvoXV',NULL,NULL,NULL),('7213045','QWhDLSMRr',NULL,NULL,NULL),('7214693','PNhIaULDO',NULL,NULL,NULL),('7218645','PMpIicNUO',NULL,NULL,NULL),('7246109','mvxsgdTpl',NULL,NULL,NULL),('7249138','yLdNZDSUE',NULL,NULL,NULL),('7253089','xJBYmhdcG',NULL,NULL,NULL),('7259681','aOuBiksyp',NULL,NULL,NULL),('7269405','cODGgfUVW',NULL,NULL,NULL),('7281940','pAPbmRVvB',NULL,NULL,NULL),('7290183','fdWglqmxz',NULL,NULL,NULL),('7298041','bDMwlycfO',NULL,NULL,NULL),('7298341','gzRITykxY',NULL,NULL,NULL),('7315629','TvWAgJSlr',NULL,NULL,NULL),('7358461','NxUkfyGoB',NULL,NULL,NULL),('7369510','dijypksEt',NULL,NULL,NULL),('7390821','hQipwKjUG',NULL,NULL,NULL),('7391420','BefLMXnps',NULL,NULL,NULL),('7396042','qLMosznRZ',NULL,NULL,NULL),('7396251','pJWBuKOUk',NULL,NULL,NULL),('7436019','SsnBgyGxD',NULL,NULL,NULL),('7480613','pODigxlku',NULL,NULL,NULL),('7512084','amJcjigZf',NULL,NULL,NULL),('7521943','coCGBzJAX',NULL,NULL,NULL),('7521968','LBWaMHAkP',NULL,NULL,NULL),('7564318','GLTFPehcY',NULL,NULL,NULL),('7582431','cEUxlPfdH',NULL,NULL,NULL),('7582460','sCLjaFlOZ',NULL,NULL,NULL),('7583296','aoSihJLew',NULL,NULL,NULL),('7592106','McmTNJBof',NULL,NULL,NULL),('7596812','rItSLVsTD',NULL,NULL,NULL),('7609532','TeuhrdVsZ',NULL,NULL,NULL),('7612459','HMgTelfuR',NULL,NULL,NULL),('7612589','LWIeCBsXq',NULL,NULL,NULL),('7640318','nXvWTDIZm',NULL,NULL,NULL),('7642591','oHpDSfUZe',NULL,NULL,NULL),('7645023','sGVFOpcPL',NULL,NULL,NULL),('7658342','UMpGKExQi',NULL,NULL,NULL),('7680452','Sicxptjwv',NULL,NULL,NULL),('7683104','pCyHAmYzq',NULL,NULL,NULL),('7684953','vhfCwRkgJ',NULL,NULL,NULL),('7685209','oCWpYPdjO',NULL,NULL,NULL),('7695134','AGrJRIvpU',NULL,NULL,NULL),('7813254','ZOEVukSfd',NULL,NULL,NULL),('7815603','EIgHTULmA',NULL,NULL,NULL),('7826140','GtzeAMYPX',NULL,NULL,NULL),('7831594','lpRgQUfNa',NULL,NULL,NULL),('7832456','LzoItuecy',NULL,NULL,NULL),('7841620','CmgkPJBai',NULL,NULL,NULL),('7842316','ebuHhWJLS',NULL,NULL,NULL),('7851296','RdrLHtZGb',NULL,NULL,NULL),('7891023','AjIsdfEXH',NULL,NULL,NULL),('7893205','hHkOzUNiq',NULL,NULL,NULL),('7925301','DrgcEkuqp',NULL,NULL,NULL),('7952034','bCDsZOefk',NULL,NULL,NULL),('7963804','avMIFiYtD',NULL,NULL,NULL),('8015432','dZxoCjveh',NULL,NULL,NULL),('8016745','vwlhFJMbz',NULL,NULL,NULL),('8019264','KRLZWTiXF',NULL,NULL,NULL),('8025149','bWkJOxRit',NULL,NULL,NULL),('8025391','SceyXhZuT',NULL,NULL,NULL),('8034526','uNUdsjLJc',NULL,NULL,NULL),('8039172','QhaeqyErz',NULL,NULL,NULL),('8039716','JUZixuFYA',NULL,NULL,NULL),('8056497','hNGJbBvnO',NULL,NULL,NULL),('8063279','ywdzGJKUa',NULL,NULL,NULL),('8075246','LWgROTVoJ',NULL,NULL,NULL),('8127409','mfqJuIVpi',NULL,NULL,NULL),('8129034','mHUCdONge',NULL,NULL,NULL),('8132546','BCImSlgrV',NULL,NULL,NULL),('8164520','gfVBMIdvW',NULL,NULL,NULL),('8165239','CjwgfSsIr',NULL,NULL,NULL),('8176503','cFCsTwyMq',NULL,NULL,NULL),('8190246','ftBNXbPlk',NULL,NULL,NULL),('8197025','vXuIrdBHf',NULL,NULL,NULL),('8203179','nKYMyHmJu',NULL,NULL,NULL),('8203759','JbELWMXKP',NULL,NULL,NULL),('8237645','oJAipwacP',NULL,NULL,NULL),('8254173','yWPMarhwL',NULL,NULL,NULL),('8274365','xwnFQSegV',NULL,NULL,NULL),('8276359','tzaCbhGvH',NULL,NULL,NULL),('8305142','JBFXHRtZO',NULL,NULL,NULL),('8320176','BjIHsnXyt',NULL,NULL,NULL),('8324061','EBvaRWQlL',NULL,NULL,NULL),('8340165','FIpZVvfjA',NULL,NULL,NULL),('8346527','VOpDRvXxz',NULL,NULL,NULL),('8367209','BKGWeDpyb',NULL,NULL,NULL),('8396741','InKJPUFCa',NULL,NULL,NULL),('8401637','gDsldrpXU',NULL,NULL,NULL),('8429150','pUcKzbCVZ',NULL,NULL,NULL),('8430917','qmJRTIhoA',NULL,NULL,NULL),('8431509','JLxUtunKO',NULL,NULL,NULL),('8460352','abjKqvOnl',NULL,NULL,NULL),('8490352','CJelpSfgi',NULL,NULL,NULL),('8491072','EdPCnSIDW',NULL,NULL,NULL),('8491265','LnkAFPwgO',NULL,NULL,NULL),('8497013','dmMnRYZkx',NULL,NULL,NULL),('8503941','xgSUmQJFb',NULL,NULL,NULL),('8507194','OsFPWLNmQ',NULL,NULL,NULL),('8520714','ypVkzAXhI',NULL,NULL,NULL),('8527904','gtRhTXodx',NULL,NULL,NULL),('8541762','fsHVdTwvk',NULL,NULL,NULL),('8560412','caoywXfeP',NULL,NULL,NULL),('8572391','HXoagfLQN',NULL,NULL,NULL),('8590276','QMZScmHgU',NULL,NULL,NULL),('8602143','pfMTIXjNa',NULL,NULL,NULL),('8612307','zUWbTCJaG',NULL,NULL,NULL),('8635742','jytMbeLAG',NULL,NULL,NULL),('8637491','temCjRiWq',NULL,NULL,NULL),('8642791','DrubSskZt',NULL,NULL,NULL),('8651924','akNrYHlLS',NULL,NULL,NULL),('8659743','AjluZfHRD',NULL,NULL,NULL),('8675293','KCsinVEBe',NULL,NULL,NULL),('8690527','rJjtLhoVv',NULL,NULL,NULL),('8694751','pntNBVOLl',NULL,NULL,NULL),('8713605','ayBzHOnVC',NULL,NULL,NULL),('8715203','SfneKxCUj',NULL,NULL,NULL),('8729563','MKIwPLhyC',NULL,NULL,NULL),('8740269','nZuyilovb',NULL,NULL,NULL),('8741096','gsbyWpTIC',NULL,NULL,NULL),('8749063','aKMChRqAt',NULL,NULL,NULL),('8920451','aAfHtpuLs',NULL,NULL,NULL),('8932174','EMSFXPDom',NULL,NULL,NULL),('8937506','mGvQnajWy',NULL,NULL,NULL),('8943271','zjTolExCy',NULL,NULL,NULL),('8945736','ImysqkdHB',NULL,NULL,NULL),('8954237','eUMuwzmQr',NULL,NULL,NULL),('8954701','mAPhUWdNX',NULL,NULL,NULL),('9015247','LFKRtzvbG',NULL,NULL,NULL),('9028463','zGorHOcsj',NULL,NULL,NULL),('9046817','PEimoHkJK',NULL,NULL,NULL),('9048251','sFOwIpyDg',NULL,NULL,NULL),('9072683','nvqaCZksx',NULL,NULL,NULL),('9126805','FCSbLHXaV',NULL,NULL,NULL),('9153672','CspMAXjGD',NULL,NULL,NULL),('9163502','RxorCeLAd',NULL,NULL,NULL),('9175803','YAGfsJqdR',NULL,NULL,NULL),('9185760','WcglCQhZJ',NULL,NULL,NULL),('9210786','QFXiJKRZG',NULL,NULL,NULL),('9240165','MVtjRrehy',NULL,NULL,NULL),('9260834','WCzwcIsxS',NULL,NULL,NULL),('9274583','IRHAMZLvd',NULL,NULL,NULL),('9280364','vOsNDmrVp',NULL,NULL,NULL),('9287634','YRPxZaqcG',NULL,NULL,NULL),('9304658','lyXPofwSL',NULL,NULL,NULL),('9320514','JbIvMLoHN',NULL,NULL,NULL),('9324067','SNMdhkyJF',NULL,NULL,NULL),('9347168','uFNRvcBZm',NULL,NULL,NULL),('9370624','uSDjqyTNn',NULL,NULL,NULL),('9370652','TpgvmHyZP',NULL,NULL,NULL),('9405182','zOwjPMiHA',NULL,NULL,NULL),('9408376','PDJSXEifM',NULL,NULL,NULL),('9415602','xeXZrOTQg',NULL,NULL,NULL),('9436817','vRegbLBHG',NULL,NULL,NULL),('9437520','cbPnpCvHF',NULL,NULL,NULL),('9463218','VIZbfDvPU',NULL,NULL,NULL),('9468103','dXqsieIzS',NULL,NULL,NULL),('9471682','ymTYfSpwd',NULL,NULL,NULL),('9476158','GuNaxKATV',NULL,NULL,NULL),('9501647','VrQBLglzH',NULL,NULL,NULL),('9512678','lnGSYvpki',NULL,NULL,NULL),('9523417','QmIAweJYy',NULL,NULL,NULL),('9564710','iLJuDCjlV',NULL,NULL,NULL),('9570218','FsHrvmAUp',NULL,NULL,NULL),('9572184','PldowHuTs',NULL,NULL,NULL),('9604752','IFKnOeYzZ',NULL,NULL,NULL),('9605132','WkPhCTmxd',NULL,NULL,NULL),('9610254','WxDqUhTSF',NULL,NULL,NULL),('9614850','HXFAgPfLS',NULL,NULL,NULL),('9643725','KQwDuRcSz',NULL,NULL,NULL),('9645273','VrdFRvQuk',NULL,NULL,NULL),('9652043','ENavRBChk',NULL,NULL,NULL),('9658427','cbCqQAPKD',NULL,NULL,NULL),('9678041','EqSVnhoTp',NULL,NULL,NULL),('9723408','qzQtRofFV',NULL,NULL,NULL),('9725810','lxnDsPVrf',NULL,NULL,NULL),('9732014','aKwbHoicS',NULL,NULL,NULL),('9741052','rxIcuvRPZ',NULL,NULL,NULL),('9743502','axUAXpVeh',NULL,NULL,NULL),('9746025','qknaTHIKX',NULL,NULL,NULL),('9751036','PHokeXtCg',NULL,NULL,NULL),('9753640','UjecwyhgV',NULL,NULL,NULL),('9754123','QcgITwEvR',NULL,NULL,NULL),('9758601','TVEIPgSLk',NULL,NULL,NULL),('9801467','vaOcVSApm',NULL,NULL,NULL),('9821075','UAOIQFWDk',NULL,NULL,NULL),('9821504','FawqeXDHj',NULL,NULL,NULL),('9835147','THulBdXyk',NULL,NULL,NULL),('9837024','UwpTrWtqF',NULL,NULL,NULL),('9862301','Huda','huda@hd.om','9328404','Surabya'),('9870365','DhQtleYNS',NULL,NULL,NULL);

#
# Structure for table "konfirmasi"
#

DROP TABLE IF EXISTS `konfirmasi`;
CREATE TABLE `konfirmasi` (
  `idkonfirmasi` int(11) NOT NULL AUTO_INCREMENT,
  `nama` varchar(255) DEFAULT NULL COMMENT 'pembayaran atas nama',
  `nominal` varchar(255) DEFAULT NULL,
  `tujuan` varchar(255) DEFAULT NULL COMMENT 'rekening tujuan',
  `status` varchar(255) DEFAULT NULL COMMENT '0 = sudah dibaca, 1=belum dibaca',
  PRIMARY KEY (`idkonfirmasi`)
) ENGINE=InnoDB DEFAULT CHARSET=latin1;

#
# Data for table "konfirmasi"
#


#
# Structure for table "pegawai"
#

DROP TABLE IF EXISTS `pegawai`;
CREATE TABLE `pegawai` (
  `idpegawai` varchar(11) NOT NULL DEFAULT '',
  `nama` varchar(255) DEFAULT NULL,
  `email` varchar(255) DEFAULT NULL,
  `username` varchar(255) DEFAULT NULL,
  `password` varchar(255) DEFAULT NULL,
  `hak_akses` varchar(255) DEFAULT NULL,
  PRIMARY KEY (`idpegawai`)
) ENGINE=InnoDB DEFAULT CHARSET=latin1;

#
# Data for table "pegawai"
#

INSERT INTO `pegawai` VALUES ('1','owner','owner@owner.com','owner','owner','1'),('2','produksi','produksi@produksi.com','produksi','produksi','0'),('3','produksi1','produksi1','produksi1','produksi1','0'),('4','produksi2','yak@yak.com','produksi2','produksi2','0'),('5','produksi3','produksi3','produksi3','produksi3','0'),('6','superadmin','superadmin@superadmin','superadmin','superadmin','2'),('7','produksi4','produksi4','produksi4','produksi4','0');

#
# Structure for table "list_kerja"
#

DROP TABLE IF EXISTS `list_kerja`;
CREATE TABLE `list_kerja` (
  `idlist` int(11) NOT NULL AUTO_INCREMENT,
  `idpegawai` varchar(11) NOT NULL DEFAULT '',
  `idproduk` varchar(11) NOT NULL,
  `tanggal` timestamp NULL DEFAULT CURRENT_TIMESTAMP ON UPDATE CURRENT_TIMESTAMP,
  `status` varchar(255) NOT NULL DEFAULT '0 = progres , 1= selesai',
  PRIMARY KEY (`idlist`),
  KEY `FK_PRODUK_idx` (`idpegawai`),
  KEY `FK_PROD_idx` (`idproduk`),
  CONSTRAINT `FK_PRODUKSI` FOREIGN KEY (`idpegawai`) REFERENCES `pegawai` (`idpegawai`)
) ENGINE=InnoDB DEFAULT CHARSET=latin1;

#
# Data for table "list_kerja"
#


#
# Structure for table "produk"
#

DROP TABLE IF EXISTS `produk`;
CREATE TABLE `produk` (
  `idproduk` varchar(11) NOT NULL DEFAULT '',
  `nama` varchar(255) DEFAULT NULL,
  `deskripsi` text,
  `image` varchar(255) DEFAULT NULL,
  `estimasi` varchar(255) DEFAULT NULL COMMENT 'dalam hari',
  `posting` timestamp NULL DEFAULT CURRENT_TIMESTAMP ON UPDATE CURRENT_TIMESTAMP,
  `harga` int(11) DEFAULT NULL,
  PRIMARY KEY (`idproduk`)
) ENGINE=InnoDB DEFAULT CHARSET=latin1;

#
# Data for table "produk"
#

INSERT INTO `produk` VALUES ('01E6BOnh','MqtxVJQe',NULL,NULL,'11','2015-04-25 14:21:56',54500),('01ugSvRa','LgQrJPqU',NULL,NULL,'3','2015-04-25 14:21:56',90500),('09HlyRoS','dlAyxYCE',NULL,NULL,'4','2015-04-25 14:22:11',61500),('0D96yZBM','DRSfMWto',NULL,NULL,'9','2015-04-25 14:22:11',89500),('0DZxSUv3','qISeCzBQ',NULL,NULL,'13','2015-04-25 14:21:56',74500),('0EkZ8aTo','TdkqIgsm',NULL,NULL,'9','2015-04-25 14:22:05',26500),('0fvJ9w6S','NruJjObY',NULL,NULL,'11','2015-04-25 14:22:01',68500),('14wtu3FN','JfDHIyug',NULL,NULL,'8','2015-04-25 14:22:07',89500),('1beVwLyp','cthVaXkZ',NULL,NULL,'3','2015-04-25 14:22:05',32500),('1i35Ojfc','wYNjuogT',NULL,NULL,'5','2015-04-25 14:21:55',59500),('1kO0PKca','HWFbBuMK',NULL,NULL,'5','2015-04-25 14:22:04',86500),('1kwHON4n','NZGniRDI',NULL,NULL,'14','2015-04-25 14:22:06',23500),('1oNrRkSm','BQqXRCFK',NULL,NULL,'6','2015-04-25 14:22:04',37500),('2bFotxAO','chriftNM',NULL,NULL,'3','2015-04-25 14:22:07',43500),('2ClrbJDK','oJnjDRrl',NULL,NULL,'10','2015-04-25 14:22:09',29500),('2E5vwjFO','OZjLgzrJ',NULL,NULL,'2','2015-04-25 14:21:56',74500),('2F9Opkof','xXiRpeFz',NULL,NULL,'14','2015-04-25 14:21:55',20500),('2nUIy9OG','CmsMVSvL',NULL,NULL,'4','2015-04-25 14:22:11',84500),('2Pfx9pKA','rDgfLtCu',NULL,NULL,'6','2015-04-25 14:21:58',20500),('2QsbOEiy','xcwVEpPm',NULL,NULL,'9','2015-04-25 14:22:05',28500),('2YpvjUcn','esuQZrVc',NULL,NULL,'6','2015-04-25 14:22:06',75500),('34AnOYxp','VbIAzCGQ',NULL,NULL,'3','2015-04-25 14:21:58',37500),('3FLu6Dw4','OzcZvAEg',NULL,NULL,'2','2015-04-25 14:22:08',73500),('3MXvwmt7','mHfuoQgs',NULL,NULL,'7','2015-04-25 14:22:09',88500),('3nJ4dYv7','LjMfPOVn',NULL,NULL,'11','2015-04-25 14:22:04',69500),('3SqRE2GL','wvNTnGbh',NULL,NULL,'7','2015-04-25 14:22:06',39500),('3WYDjcVK','dhzMGpSs',NULL,NULL,'14','2015-04-25 14:22:09',83500),('49iaJ8hM','WbRhvXTA',NULL,NULL,'13','2015-04-25 14:21:56',75500),('4EQtFhPL','JMbjVeCQ',NULL,NULL,'10','2015-04-25 14:22:05',61500),('4G9WTEKn','mEsZKPHV',NULL,NULL,'9','2015-04-25 14:22:07',87500),('4jWYENUF','RFEdDaBm',NULL,NULL,'4','2015-04-25 14:22:00',90500),('4kb9D51B','YtvBZXWu',NULL,NULL,'4','2015-04-25 14:22:07',47500),('4lvYgtVJ','qTcxgFId',NULL,NULL,'6','2015-04-25 14:21:56',90500),('4YDb0v3e','LhBqjFQT',NULL,NULL,'10','2015-04-25 14:22:11',86500),('51rV7O8g','CcwtSFUv',NULL,NULL,'8','2015-04-25 14:22:01',80500),('5B0XQWYL','tVoJmXjB',NULL,NULL,'5','2015-04-25 14:22:09',80500),('5CqD6K1i','keLoNrKw',NULL,NULL,'11','2015-04-25 14:21:54',73500),('5eogfQWS','VpuYQmWn',NULL,NULL,'4','2015-04-25 14:22:01',20500),('5EzG4pBO','yBXcOnHA',NULL,NULL,'10','2015-04-25 14:22:10',60500),('5RJDKQIz','oXzHQCsR',NULL,NULL,'13','2015-04-25 14:21:54',38500),('5uR3NCnF','qWdabxgT',NULL,NULL,'11','2015-04-25 14:21:54',53500),('5wNbMCXn','JIUlOFWY',NULL,NULL,'5','2015-04-25 14:21:56',49500),('61DuRsG5','HfndSztw',NULL,NULL,'4','2015-04-25 14:21:53',37500),('69IURNku','KmRLFVGa',NULL,NULL,'4','2015-04-25 14:22:06',53500),('6DqdTC2c','EexMqTSg',NULL,NULL,'9','2015-04-25 14:22:03',85500),('6ijYoaJI','YWGImAXF',NULL,NULL,'13','2015-04-25 14:21:59',90500),('6jZwX8Ri','OIZJbkUv',NULL,NULL,'4','2015-04-25 14:22:05',74500),('6MKAQpLa','inpkOdUr',NULL,NULL,'4','2015-04-25 14:21:58',90500),('6oA7Hy9O','fsjIpHkO',NULL,NULL,'12','2015-04-25 14:22:03',34500),('6p8tRxqb','BQZIyCAG',NULL,NULL,'8','2015-04-25 14:21:58',72500),('6PMtlYQ5','UeBcgElw',NULL,NULL,'8','2015-04-25 14:21:57',30500),('6t2P87To','uLlKacEp',NULL,NULL,'8','2015-04-25 14:22:07',24500),('71QiloDx','DbfphmjH',NULL,NULL,'11','2015-04-25 14:21:54',52500),('74oLh1yJ','eDljRnXQ',NULL,NULL,'6','2015-04-25 14:22:10',32500),('76TvyCKo','FudgINph',NULL,NULL,'11','2015-04-25 14:21:56',71500),('7MsKhFGU','XDKJuHSv',NULL,NULL,'3','2015-04-25 14:22:05',70500),('7Nl0Y3XP','KkuovpxP',NULL,NULL,'5','2015-04-25 14:22:10',46500),('7NvCdqQH','jTBhvNiA',NULL,NULL,'2','2015-04-25 14:22:01',41500),('7p1abAuI','MHvsLWeI',NULL,NULL,'9','2015-04-25 14:22:02',66500),('7Zgq4K2V','YAqFGQXV',NULL,NULL,'4','2015-04-25 14:21:54',26500),('8dG9RJUS','sMXFxDWc',NULL,NULL,'7','2015-04-25 14:22:04',38500),('8gUYvocJ','vkcXOKbV',NULL,NULL,'9','2015-04-25 14:22:03',52500),('8IBRalh6','sPdpFjTE',NULL,NULL,'7','2015-04-25 14:22:09',45500),('8OLzaE1c','OvjXClUd',NULL,NULL,'6','2015-04-25 14:22:11',66500),('8Q6lknjf','gFudBMcs',NULL,NULL,'10','2015-04-25 14:21:59',30500),('8WjeZqr7','zioTAnkZ',NULL,NULL,'6','2015-04-25 14:22:08',56500),('8xDpMtcY','SRBMXdIO',NULL,NULL,'7','2015-04-25 14:22:02',89500),('905EOnGi','gqCHmFpf',NULL,NULL,'5','2015-04-25 14:21:57',58500),('9cRxeqzg','sthgUMpD',NULL,NULL,'9','2015-04-25 14:22:11',76500),('9liNqbea','ZoqNEGBV',NULL,NULL,'6','2015-04-25 14:22:06',81500),('9Q7scZNE','IatkvCRT',NULL,NULL,'14','2015-04-25 14:21:58',36500),('9RtsxIWU','sFTCvteB',NULL,NULL,'9','2015-04-25 14:22:05',75500),('9WgOsx6G','dslcYGnv',NULL,NULL,'6','2015-04-25 14:22:02',82500),('9Xpbmvyz','QgudohpG',NULL,NULL,'13','2015-04-25 14:22:10',74500),('a2NSlVZm','FwNOyudS',NULL,NULL,'3','2015-04-25 14:22:05',36500),('a3PTiw2u','QKYqgVTd',NULL,NULL,'6','2015-04-25 14:22:10',27500),('aB2cR4uX','tyElNrYw',NULL,NULL,'6','2015-04-25 14:21:56',20500),('acbD2enr','ViBRxHnX',NULL,NULL,'7','2015-04-25 14:22:07',20500),('AcPlCGzX','vfOxRuli',NULL,NULL,'7','2015-04-25 14:21:59',41500),('aKSFZRUl','VYFHuwLI',NULL,NULL,'9','2015-04-25 14:22:02',57500),('aQWXGPI7','TitmILwz',NULL,NULL,'12','2015-04-25 14:21:59',52500),('as3by6gS','aPMtjoWv',NULL,NULL,'7','2015-04-25 14:22:12',56500),('ASCz1QK0','EWsCUqTi',NULL,NULL,'9','2015-04-25 14:22:11',79500),('aX5ujSDG','yzOEKPHa',NULL,NULL,'3','2015-04-25 14:22:02',68500),('ax6nwrYo','jOunpeNd',NULL,NULL,'13','2015-04-25 14:21:55',48500),('b13DdmLq','dTmkJDRr',NULL,NULL,'13','2015-04-25 14:21:58',58500),('B1AieOE0','YtvpcDEF',NULL,NULL,'7','2015-04-25 14:22:12',73500),('bD4UJwmN','lUshpjPJ',NULL,NULL,'5','2015-04-25 14:21:55',68500),('Bfo8LiE2','PypkYEwA',NULL,NULL,'8','2015-04-25 14:22:03',77500),('BfQIsEzu','ptTqcvrI',NULL,NULL,'14','2015-04-25 14:22:08',78500),('bJkK4cmA','EojZiukC',NULL,NULL,'8','2015-04-25 14:22:10',36500),('Bk16j3Hg','texGyYTi',NULL,NULL,'2','2015-04-25 14:22:10',39500),('Bkdr958Y','AHuPgdJn',NULL,NULL,'6','2015-04-25 14:22:04',79500),('BpA4YWHw','UcZHYIJu',NULL,NULL,'14','2015-04-25 14:22:02',69500),('bTOKBcWw','udcJBIjs',NULL,NULL,'11','2015-04-25 14:21:55',33500),('BVcU0LhJ','fNgyDrdC',NULL,NULL,'4','2015-04-25 14:21:57',31500),('bvuPdEJr','YudvtWBk',NULL,NULL,'5','2015-04-25 14:21:59',90500),('bwgO10un','BNvAIldm',NULL,NULL,'13','2015-04-25 14:22:04',42500),('BXMFQfUr','obewEZsL',NULL,NULL,'11','2015-04-25 14:21:56',81500),('c2FkOdtr','YFgHqwGv',NULL,NULL,'5','2015-04-25 14:22:06',44500),('CaX4c9sM','QgdMHOTR',NULL,NULL,'9','2015-04-25 14:21:57',83500),('CeBEW61d','sWNzqDvB',NULL,NULL,'6','2015-04-25 14:22:11',62500),('cohfGS8b','RFadYMbL',NULL,NULL,'6','2015-04-25 14:22:00',37500),('CUKkV1e9','uUtLQJaq',NULL,NULL,'11','2015-04-25 14:22:02',37500),('Cz085GPX','SUZmCyQY',NULL,NULL,'11','2015-04-25 14:22:07',65500),('CzjKlFY5','IBvJkuSl',NULL,NULL,'4','2015-04-25 14:21:59',45500),('D0pnsWTL','AUMbamXD',NULL,NULL,'3','2015-04-25 14:21:57',27500),('D2WgVcQO','CufjrREi',NULL,NULL,'3','2015-04-25 14:22:11',75500),('D3WRYyNk','ShebgGAR',NULL,NULL,'10','2015-04-25 14:22:05',86500),('d4tYQqgP','wQkYNgVt',NULL,NULL,'11','2015-04-25 14:21:57',84500),('D6szwlU7','ZDAConhB',NULL,NULL,'3','2015-04-25 14:22:11',25500),('D73cIAaR','thrMIGZf',NULL,NULL,'7','2015-04-25 14:22:09',81500),('d8RPH7Wf','UGTdfokt',NULL,NULL,'13','2015-04-25 14:21:57',37500),('DdGbJ76E','abBsgjCR',NULL,NULL,'5','2015-04-25 14:22:09',57500),('dDYNQzPl','obWjtrhk',NULL,NULL,'2','2015-04-25 14:22:02',44500),('deoXLM','sdfsdfsdfsd',NULL,NULL,'sdfsdfsdf','2015-04-25 13:17:17',0),('dFq674s8','SWyaCKeH',NULL,NULL,'4','2015-04-25 14:22:02',46500),('DgzHaxEk','dftKNOrX',NULL,NULL,'4','2015-04-25 14:22:03',41500),('DJ4wHWRA','oDgXzmwH',NULL,NULL,'2','2015-04-25 14:21:56',43500),('Dj87WmoL','BbxWdvLt',NULL,NULL,'12','2015-04-25 14:22:05',30500),('DlRypjbS','KwYfpOMX',NULL,NULL,'3','2015-04-25 14:22:07',81500),('DoGULEr4','bxJZYSMf',NULL,NULL,'6','2015-04-25 14:21:55',29500),('dpzBho5P','YJNlKtTL',NULL,NULL,'12','2015-04-25 14:22:11',71500),('DrHxOYyK','mGFJNDHw',NULL,NULL,'14','2015-04-25 14:22:10',35500),('dsybwvRa','hByfDkQq',NULL,NULL,'3','2015-04-25 14:21:56',61500),('dtTM1VBf','gvYCrQjF',NULL,NULL,'7','2015-04-25 14:22:06',81500),('duQB9aEy','PUyWrzjS',NULL,NULL,'13','2015-04-25 14:22:02',60500),('dWMAkcbX','CmQAYMpi',NULL,NULL,'7','2015-04-25 14:22:07',30500),('DWMgXKu8','KnGPLoFX',NULL,NULL,'10','2015-04-25 14:22:04',88500),('E2eXDWMg','HxeLQkYu',NULL,NULL,'3','2015-04-25 14:22:01',54500),('E3xjbHr8','hHYdwWpG',NULL,NULL,'4','2015-04-25 14:21:57',27500),('EAzZHNho','IhNxREWw',NULL,NULL,'8','2015-04-25 14:21:58',83500),('eHqLI2Ww','aNPkUqTc',NULL,NULL,'11','2015-04-25 14:22:06',26500),('ehrKudVn','xpFdIovq',NULL,NULL,'2','2015-04-25 14:22:07',61500),('ELGiRHut','CUWoLiBA',NULL,NULL,'8','2015-04-25 14:22:10',69500),('EQa9h5Db','fcEFqsaB',NULL,NULL,'9','2015-04-25 14:22:10',30500),('erOJRI0i','rAJzZDlH',NULL,NULL,'7','2015-04-25 14:22:09',47500),('eSVzyOTv','MTBeQIsv',NULL,NULL,'11','2015-04-25 14:21:54',38500),('EvLqKHCX','fZNchnCe',NULL,NULL,'6','2015-04-25 14:22:02',75500),('EykFx4vq','WvLtRPTi',NULL,NULL,'3','2015-04-25 14:22:12',48500),('EYkqXQIP','iLdXJYKb',NULL,NULL,'12','2015-04-25 14:22:00',62500),('F08ZVR96','IDbNRwHk',NULL,NULL,'3','2015-04-25 14:22:02',87500),('f5iYNgWM','frpiqbtB',NULL,NULL,'8','2015-04-25 14:22:12',46500),('f69oMvCO','CEkJuLWY',NULL,NULL,'5','2015-04-25 14:22:06',27500),('f6x1rt9e','KMsIVmoY',NULL,NULL,'2','2015-04-25 14:22:10',26500),('F8sEdozH','nzmvcTKt',NULL,NULL,'10','2015-04-25 14:21:59',52500),('f9aSV4pm','uPZQcqzf',NULL,NULL,'13','2015-04-25 14:22:09',42500),('fAcFQS5d','GVOnIUbC',NULL,NULL,'6','2015-04-25 14:22:12',60500),('Fb1MSfqG','gosJhBOG',NULL,NULL,'4','2015-04-25 14:22:12',24500),('FBw4N7Df','ZxLgjiPu',NULL,NULL,'13','2015-04-25 14:21:58',41500),('fBZoPecv','tsxMKevC',NULL,NULL,'13','2015-04-25 14:21:56',23500),('fE1wynj9','eCvdyEoL',NULL,NULL,'6','2015-04-25 14:22:11',34500),('FEy1XVam','kYUnqvKu',NULL,NULL,'8','2015-04-25 14:21:54',20500),('Fg2fSGNO','ZfjbYBXo',NULL,NULL,'8','2015-04-25 14:22:12',67500),('FhVURr','hakjshdkashdka',NULL,'produk.jpg','345','2015-04-25 13:26:12',23424),('FM0mIzlZ','gGMCEnsZ',NULL,NULL,'4','2015-04-25 14:22:02',57500),('FmEpPZ0Q','gRLhxmGK',NULL,NULL,'14','2015-04-25 14:21:57',55500),('fNSo7v0d','EpRLGlQb',NULL,NULL,'5','2015-04-25 14:22:00',50500),('Fpy2V1Dn','LyaUDPhs',NULL,NULL,'8','2015-04-25 14:22:10',79500),('fQKHN5GS','GNiYoqPw',NULL,NULL,'14','2015-04-25 14:21:55',30500),('FrJPKIhM','dpTiEFJn',NULL,NULL,'5','2015-04-25 14:22:06',38500),('fSxMNmYT','ZARgPQjv',NULL,NULL,'10','2015-04-25 14:21:57',69500),('G9IZBCpt','mgjYeWtr',NULL,NULL,'7','2015-04-25 14:21:57',70500),('gajpNQAT','dqxSbLMr',NULL,NULL,'9','2015-04-25 14:22:12',64500),('GbKUF6Sn','HpAZFWVT',NULL,NULL,'4','2015-04-25 14:21:55',55500),('GCPNMIxy','GIYoMVBx',NULL,NULL,'6','2015-04-25 14:22:12',69500),('gdYstpNR','VpBzHNwl',NULL,NULL,'5','2015-04-25 14:21:53',57500),('GhyY6FsW','wCoAXjgM',NULL,NULL,'8','2015-04-25 14:21:56',82500),('gK4oM23E','lAoXKpPL',NULL,NULL,'3','2015-04-25 14:21:59',36500),('glO7jinT','QZbuhLRp',NULL,NULL,'12','2015-04-25 14:22:10',50500),('gmi92Xto','kMPUGeJm',NULL,NULL,'2','2015-04-25 14:22:00',61500),('gPVDq4bK','UwRzmIXS',NULL,NULL,'13','2015-04-25 14:22:12',70500),('GrmaxJek','MoCyBJVF',NULL,NULL,'8','2015-04-25 14:21:55',43500),('gShokO5p','ramepUQE',NULL,NULL,'11','2015-04-25 14:22:04',41500),('GshW3knM','AXgOQdTz',NULL,NULL,'11','2015-04-25 14:22:07',84500),('gufQ90B4','hlmGyKHr',NULL,NULL,'13','2015-04-25 14:22:12',88500),('GuJHWmPF','jZtxqSap',NULL,NULL,'2','2015-04-25 14:22:12',62500),('GVtaCbwE','wjBuNyYq',NULL,NULL,'14','2015-04-25 14:21:59',77500),('GwsXUA3B','ZjKpzomE',NULL,NULL,'3','2015-04-25 14:21:55',28500),('GXDbmcke','aKObhPwI',NULL,NULL,'10','2015-04-25 14:22:09',90500),('h2JUTqd4','ikPvXOFH',NULL,NULL,'4','2015-04-25 14:22:10',75500),('H2r6hntq','uKUjRNkP',NULL,NULL,'12','2015-04-25 14:22:05',23500),('H3LQAqKf','FbZjpuno',NULL,NULL,'6','2015-04-25 14:22:02',65500),('h7gqnySf','wBgdElXU',NULL,NULL,'9','2015-04-25 14:22:09',69500),('HBmZOA','',NULL,NULL,'','2015-04-25 13:16:02',0),('hdONS3fJ','tNgrDAnm',NULL,NULL,'13','2015-04-25 14:21:56',31500),('hgwtC8mO','yxIDjwmT',NULL,NULL,'11','2015-04-25 14:22:11',73500),('HkzWORol','feMacqPB',NULL,NULL,'4','2015-04-25 14:21:56',69500),('HQOPVwdk','cmFCMtKU',NULL,NULL,'6','2015-04-25 14:22:07',82500),('HS0tAs2u','cgUfEInm',NULL,NULL,'11','2015-04-25 14:21:55',64500),('hu0SFIbg','fgOBJjbz',NULL,NULL,'11','2015-04-25 14:21:57',84500),('hVk2qmuA','BhDjEwRx',NULL,NULL,'3','2015-04-25 14:22:04',31500),('hw81cPDm','IjpQTtMP',NULL,NULL,'6','2015-04-25 14:22:03',51500),('HwXZ6ulT','TtfGAxLF',NULL,NULL,'13','2015-04-25 14:22:02',52500),('hYGxNfIU','DuQslyWY',NULL,NULL,'14','2015-04-25 14:22:09',61500),('i3bYWa4T','RsKjhDYk',NULL,NULL,'12','2015-04-25 14:22:02',57500),('i8Vsd1H3','TlDZvIzt',NULL,NULL,'8','2015-04-25 14:22:05',49500),('IAkxBMeX','xHfSrVOq',NULL,NULL,'5','2015-04-25 14:22:03',60500),('IAuOwK2o','sQeOKXfV',NULL,NULL,'7','2015-04-25 14:21:53',63500),('IBF8nQmG','rSPzdoce',NULL,NULL,'3','2015-04-25 14:22:11',32500),('IbvLWpJN','jzqRiLpT',NULL,NULL,'8','2015-04-25 14:21:55',76500),('Ic2fm3HQ','koTQDnKy',NULL,NULL,'9','2015-04-25 14:22:10',51500),('ieHfZ0JU','hQFWORcz',NULL,NULL,'12','2015-04-25 14:22:01',54500),('IEvp3CyL','PrxFTQmI',NULL,NULL,'14','2015-04-25 14:22:04',50500),('IGVZHF8M','ObjqFJUS',NULL,NULL,'2','2015-04-25 14:22:11',46500),('ihP2gSUH','ZSBnkcVb',NULL,NULL,'12','2015-04-25 14:21:56',33500),('ikL0IOva','sNPuXEip',NULL,NULL,'9','2015-04-25 14:22:03',75500),('IMTUkqjz','syNSxAgC',NULL,NULL,'2','2015-04-25 14:21:55',60500),('ind5sNCR','VfcWtTUr',NULL,NULL,'4','2015-04-25 14:22:11',53500),('iNLuWQzU','phWqlRUi',NULL,NULL,'4','2015-04-25 14:22:10',60500),('IP91AegT','ifXZdAjG',NULL,NULL,'12','2015-04-25 14:22:01',21500),('iQlk7RZj','OUyNPQLe',NULL,NULL,'12','2015-04-25 14:22:12',27500),('iskL4SwH','xULjvCcE',NULL,NULL,'13','2015-04-25 14:21:53',34500),('IUd4AnsK','UNaVZGYf',NULL,NULL,'2','2015-04-25 14:22:11',75500),('ix0jgHmb','lcqBnytT',NULL,NULL,'5','2015-04-25 14:21:56',39500),('iy84oaEK','wyUTMmZX',NULL,NULL,'9','2015-04-25 14:21:53',59500),('J05WvNK9','GqtozOXi',NULL,NULL,'10','2015-04-25 14:22:00',27500),('j2YqXKCb','koxCdQML',NULL,NULL,'5','2015-04-25 14:22:08',20500),('J6pMBif5','CwTfaNXe',NULL,NULL,'8','2015-04-25 14:21:55',56500),('jcqul1Y3','APQReuTC',NULL,NULL,'6','2015-04-25 14:22:00',53500),('JcWGPAQV','bOXThfnw',NULL,NULL,'13','2015-04-25 14:21:57',45500),('JdPher0I','YTPXjaMn',NULL,NULL,'13','2015-04-25 14:22:06',31500),('jFhtOd4N','CmislkxF',NULL,NULL,'5','2015-04-25 14:21:58',76500),('jGXcywaC','yuqUofnk',NULL,NULL,'14','2015-04-25 14:21:56',79500),('jHrw0kSU','NXJIwKzo',NULL,NULL,'7','2015-04-25 14:22:04',53500),('JjLVQbSY','uOEdvanI',NULL,NULL,'10','2015-04-25 14:21:57',68500),('JKH31AtF','SjFdCUMk',NULL,NULL,'5','2015-04-25 14:21:54',72500),('jKS3A0xv','vhlTwMIP',NULL,NULL,'7','2015-04-25 14:22:01',24500),('jN1sY84x','hysfNOka',NULL,NULL,'11','2015-04-25 14:22:11',56500),('jn6PC9yM','VbrUScCx',NULL,NULL,'2','2015-04-25 14:22:00',68500),('jsJ7d8Dp','EzhVJgnd',NULL,NULL,'3','2015-04-25 14:22:10',67500),('jtfxkOz3','bAqcxWJN',NULL,NULL,'7','2015-04-25 14:22:07',28500),('JzyGovPI','GjoHBIEL',NULL,NULL,'10','2015-04-25 14:22:11',37500),('K1fLo9MG','sLgzYHmv',NULL,NULL,'11','2015-04-25 14:21:55',49500),('kEDYQBJu','UhJfeYDH',NULL,NULL,'11','2015-04-25 14:21:54',86500),('Kj5OINdw','UDNHQYST',NULL,NULL,'10','2015-04-25 14:22:05',24500),('klPXj8Ue','KdjgqkvC',NULL,NULL,'14','2015-04-25 14:22:10',49500),('KngZ9pOW','BFShJHbD',NULL,NULL,'11','2015-04-25 14:22:12',42500),('KTlFDoXB','PfIdMqHX',NULL,NULL,'12','2015-04-25 14:21:53',60500),('KvXynbAE','fAZoJqRz',NULL,NULL,'9','2015-04-25 14:22:00',69500),('Kwjv25AW','AdRKrmiP',NULL,NULL,'12','2015-04-25 14:21:56',69500),('l0Y1aoNz','lZOicswC',NULL,NULL,'3','2015-04-25 14:21:56',39500),('l3KsOHc7','JKlcpusO',NULL,NULL,'9','2015-04-25 14:22:10',65500),('l4XkvCp2','zvjIgwpb',NULL,NULL,'9','2015-04-25 14:22:10',66500),('l5o7bH2C','dkbYacNq',NULL,NULL,'12','2015-04-25 14:21:57',81500),('layH1iXW','XWJjfqNB',NULL,NULL,'9','2015-04-25 14:22:10',87500),('LBSsgR0A','vtLTlZmX',NULL,NULL,'4','2015-04-25 14:22:11',67500),('LcxqKEiu','rNVvJncZ',NULL,NULL,'2','2015-04-25 14:21:55',80500),('lD1zcEBh','aeXqHUuo',NULL,NULL,'10','2015-04-25 14:22:12',42500),('ldQqrnRS','tiOPQMrD',NULL,NULL,'4','2015-04-25 14:21:54',60500),('Ldxlb2e9','ZBaxYSJM',NULL,NULL,'5','2015-04-25 14:21:57',59500),('LEfTHlNn','cuQqRpvZ',NULL,NULL,'13','2015-04-25 14:22:07',62500),('LfpqYcIG','RHBhtFLb',NULL,NULL,'10','2015-04-25 14:21:55',70500),('LHqIxz9t','QrItvhqA',NULL,NULL,'13','2015-04-25 14:21:57',39500),('lmHkUpDZ','LxbrHdzk',NULL,NULL,'8','2015-04-25 14:22:03',65500),('lNkyh3Xx','asGSRutW',NULL,NULL,'4','2015-04-25 14:22:11',22500),('LrTGSoJZ','BAbodhQf',NULL,NULL,'2','2015-04-25 14:22:11',51500),('lSOfxXkh','qPQGVbUW',NULL,NULL,'6','2015-04-25 14:22:05',87500),('luVGkm3O','VOcgwnux',NULL,NULL,'11','2015-04-25 14:22:12',50500),('LUWi170R','burkENDm',NULL,NULL,'13','2015-04-25 14:21:55',63500),('M0Ahb4Tc','iHvUCExg',NULL,NULL,'7','2015-04-25 14:22:10',36500),('M0JuxLdo','rodyUqlB',NULL,NULL,'9','2015-04-25 14:22:05',70500),('m1lTgG3N','ZoTcfXVq',NULL,NULL,'7','2015-04-25 14:22:02',37500),('M26bsG7P','MApijrvb',NULL,NULL,'4','2015-04-25 14:22:07',56500),('M37miQBf','hoRxPIda',NULL,NULL,'12','2015-04-25 14:21:55',85500),('M5RZ0UqF','iFDAGuOc',NULL,NULL,'4','2015-04-25 14:22:09',41500),('MAbH6dV3','vjXhkEsu',NULL,NULL,'10','2015-04-25 14:22:05',54500),('MAHJNaV1','xILwKCzF',NULL,NULL,'7','2015-04-25 14:21:54',37500),('mcKkaN9n','ZRFygCqM',NULL,NULL,'12','2015-04-25 14:22:02',89500),('mDw8Nfin','EzcDQXwG',NULL,NULL,'13','2015-04-25 14:21:57',29500),('mHqDht5w','XVsKUfnR',NULL,NULL,'10','2015-04-25 14:21:57',35500),('mhqLe8KZ','jfwSyrev',NULL,NULL,'12','2015-04-25 14:22:09',44500),('MhxFiTBk','iGvyKPLY',NULL,NULL,'14','2015-04-25 14:22:11',58500),('mhXUyYKJ','xevKlGbq',NULL,NULL,'10','2015-04-25 14:22:02',30500),('MIdpKZte','UKwyocjZ',NULL,NULL,'8','2015-04-25 14:21:55',69500),('mJzIY87Z','KlqkVmaC',NULL,NULL,'8','2015-04-25 14:22:00',67500),('mlbQiKOJ','KMFxSbje',NULL,NULL,'9','2015-04-25 14:21:58',58500),('mM5ucnwF','hfXMQAwi',NULL,NULL,'10','2015-04-25 14:21:55',87500),('mo19f4iv','ESZYIfdU',NULL,NULL,'9','2015-04-25 14:22:09',26500),('Mob054qe','IBnpZOQb',NULL,NULL,'5','2015-04-25 14:22:08',67500),('mOMfjUT4','yGdVwTaI',NULL,NULL,'9','2015-04-25 14:22:12',56500),('mpU0Fi2q','bivChKwj',NULL,NULL,'6','2015-04-25 14:22:12',37500),('MQLVxBvK','KoplHILV',NULL,NULL,'7','2015-04-25 14:21:54',72500),('MT49cvVe','QTHAgBRa',NULL,NULL,'10','2015-04-25 14:21:56',53500),('MThiPYjF','vKJhwQug',NULL,NULL,'7','2015-04-25 14:22:11',67500),('mv6XtndF','nehOrIwR',NULL,NULL,'9','2015-04-25 14:22:11',56500),('mW5RTDg0','WFLpZCvb',NULL,NULL,'14','2015-04-25 14:21:54',71500),('MYueIonr','mvinYBcd',NULL,NULL,'2','2015-04-25 14:22:02',42500),('N023gRTe','fjAtcWRs',NULL,NULL,'2','2015-04-25 14:22:02',70500),('N21etoHY','XPfJTWmL',NULL,NULL,'6','2015-04-25 14:21:58',27500),('najl9cDU','jOsXeuGF',NULL,NULL,'2','2015-04-25 14:22:09',32500),('NbF2swuD','lOIVzhiq',NULL,NULL,'14','2015-04-25 14:22:09',90500),('nChSeDvt','jKOuRUho',NULL,NULL,'4','2015-04-25 14:22:01',61500),('nF9XkUt6','ziHvbFhY',NULL,NULL,'2','2015-04-25 14:21:59',79500),('NFi9wGpq','yXdKDVtu',NULL,NULL,'5','2015-04-25 14:22:04',26500),('NhMwoL2q','KULFgkuD',NULL,NULL,'13','2015-04-25 14:22:01',36500),('NL8HfJ7a','eQYsuDZq',NULL,NULL,'6','2015-04-25 14:21:57',40500),('nM8tz2qo','LbRvmHNc',NULL,NULL,'3','2015-04-25 14:21:58',21500),('nXrL8lKt','dmUhHQAV',NULL,NULL,'13','2015-04-25 14:22:09',48500),('OBJhdNen','OkWXvnIZ',NULL,NULL,'4','2015-04-25 14:22:11',85500),('ofLapqQ7','HijsoQld',NULL,NULL,'7','2015-04-25 14:22:04',88500),('ofU2T57p','aBcKAHPb',NULL,NULL,'13','2015-04-25 14:21:57',54500),('oHAwUITg','tvGwdnLK',NULL,NULL,'5','2015-04-25 14:22:11',89500),('oHuxnOAZ','YQHvjDiO',NULL,NULL,'11','2015-04-25 14:22:03',90500),('OKlmsIA3','gGwiYcfO',NULL,NULL,'7','2015-04-25 14:22:02',28500),('oLdNPOtQ','AdClwKDT',NULL,NULL,'11','2015-04-25 14:21:56',81500),('om3STYAV','zIrtsaAl',NULL,NULL,'8','2015-04-25 14:22:10',62500),('OnphFlH3','qtGLMBQN',NULL,NULL,'3','2015-04-25 14:22:06',36500),('OnxquWjZ','tXuOgaEi',NULL,NULL,'7','2015-04-25 14:21:57',70500),('ONY9C4IH','nWspbmHR',NULL,NULL,'9','2015-04-25 14:21:57',83500),('Ooj9tE42','ojWmeckY',NULL,NULL,'2','2015-04-25 14:21:59',24500),('otMR2xOT','czlhfSnF',NULL,NULL,'10','2015-04-25 14:22:09',64500),('owSYXL9l','iaBGdxKw',NULL,NULL,'11','2015-04-25 14:22:12',63500),('OXCKcuki','fxEcgoJG',NULL,NULL,'14','2015-04-25 14:22:03',55500),('OyHFjKto','XMnyKTgN',NULL,NULL,'3','2015-04-25 14:21:55',48500),('p1s2W9DF','HOEGnqDv',NULL,NULL,'14','2015-04-25 14:22:10',84500),('p6elk48J','WYvUGJmQ',NULL,NULL,'12','2015-04-25 14:22:07',77500),('pBta0nr8','OmUBTgok',NULL,NULL,'8','2015-04-25 14:22:00',77500),('pC7VrSBE','hxpkKYga',NULL,NULL,'8','2015-04-25 14:21:59',73500),('PGQieZf1','OlxmpEDu',NULL,NULL,'13','2015-04-25 14:21:59',53500),('phsq76c9','zUQjoVYK',NULL,NULL,'9','2015-04-25 14:22:00',60500),('pj5AMuDf','CcbIMEPZ',NULL,NULL,'8','2015-04-25 14:21:56',38500),('pKQANYo5','hVrngSAe',NULL,NULL,'4','2015-04-25 14:21:57',75500),('POGYt1aV','VYLZGysf',NULL,NULL,'6','2015-04-25 14:22:01',32500),('PSlv7aGR','TEfFsPWe',NULL,NULL,'6','2015-04-25 14:21:54',60500),('pteMakF6','BVeSluvY',NULL,NULL,'7','2015-04-25 14:22:07',45500),('pxze7wHm','LHQywanm',NULL,NULL,'13','2015-04-25 14:22:05',78500),('pyHTaU50','VJDlzLYS',NULL,NULL,'4','2015-04-25 14:22:11',28500),('q3NJ5Mwv','tLCacOhq',NULL,NULL,'14','2015-04-25 14:22:06',68500),('Q54jLmdq','YMNBSeAk',NULL,NULL,'9','2015-04-25 14:21:58',49500),('Q6fYBPph','xNHjFXmG',NULL,NULL,'2','2015-04-25 14:21:57',48500),('Qdbe7KM5','fAKZblJz',NULL,NULL,'12','2015-04-25 14:22:10',27500),('QDmsAqVN','ATvVinUj',NULL,NULL,'10','2015-04-25 14:22:02',43500),('qFWzkuij','pUlZGnfD',NULL,NULL,'3','2015-04-25 14:22:09',84500),('QhYdPCzc','AfvhnVMj',NULL,NULL,'2','2015-04-25 14:22:00',43500),('qr21uND4','kvRWEwOD',NULL,NULL,'6','2015-04-25 14:22:01',59500),('qrZpmEw3','yatQiJFz',NULL,NULL,'6','2015-04-25 14:22:03',89500),('qT9OZxFW','JTLNrRsC',NULL,NULL,'7','2015-04-25 14:21:54',25500),('QWvEsLoj','kCLiNAFM',NULL,NULL,'14','2015-04-25 14:22:11',79500),('Rby2Trji','mORSoVNt',NULL,NULL,'9','2015-04-25 14:22:06',84500),('ReMsPQug','tezvlMxU',NULL,NULL,'7','2015-04-25 14:21:55',89500),('rgGdkRMn','zxwReZrO',NULL,NULL,'6','2015-04-25 14:22:06',90500),('ri3ZCz5v','NgBqLcmf',NULL,NULL,'6','2015-04-25 14:22:12',46500),('RN5k4IfU','FdiJWhwX',NULL,NULL,'6','2015-04-25 14:22:09',65500),('RPIuQJc5','ldMZHcuv',NULL,NULL,'13','2015-04-25 14:22:08',65500),('rSxFbTuQ','ehFNpLnG',NULL,NULL,'4','2015-04-25 14:22:09',62500),('rsycIb6h','xbmchEzI',NULL,NULL,'6','2015-04-25 14:22:10',87500),('rvWpK01g','WqZzTSQH',NULL,NULL,'7','2015-04-25 14:22:05',54500),('RztnNBGW','RaAPgktu',NULL,NULL,'8','2015-04-25 14:22:10',35500),('SBqPsN59','EIKRZajC',NULL,NULL,'11','2015-04-25 14:22:11',51500),('sF6Rmigz','IFZRzioS',NULL,NULL,'3','2015-04-25 14:21:59',67500),('sFkouYjX','ELvkcdBw',NULL,NULL,'7','2015-04-25 14:22:02',26500),('SI504jKz','tkjREise',NULL,NULL,'3','2015-04-25 14:22:08',38500),('SJUD5NXl','feoEDByr',NULL,NULL,'11','2015-04-25 14:22:10',41500),('SKbBaQsE','vbEKcqpM',NULL,NULL,'4','2015-04-25 14:22:06',32500),('smxz0Ldf','pDrWYngM',NULL,NULL,'4','2015-04-25 14:21:56',79500),('SNCgE42l','JxpUaHwQ',NULL,NULL,'6','2015-04-25 14:22:09',35500),('SojGLP97','DJXHjuAZ',NULL,NULL,'12','2015-04-25 14:22:05',71500),('Su7nFmgH','xaAYnIFr',NULL,NULL,'8','2015-04-25 14:21:55',37500),('sXywQjTc','PEpmdlDc',NULL,NULL,'10','2015-04-25 14:22:02',46500),('sZSzckLB','FSzdECtl',NULL,NULL,'7','2015-04-25 14:22:10',62500),('t5zVqTvg','rjydDwaI',NULL,NULL,'9','2015-04-25 14:22:03',82500),('t8faJYqU','uqsaIrzo',NULL,NULL,'11','2015-04-25 14:22:09',24500),('TASJqbir','BuzleybV',NULL,NULL,'13','2015-04-25 14:22:11',70500),('tDsnRfT9','fkPoYvdC',NULL,NULL,'10','2015-04-25 14:22:05',83500),('TGOf1CJu','stnqyAMf',NULL,NULL,'6','2015-04-25 14:21:54',70500),('TgrEWha3','JwzKDWrL',NULL,NULL,'12','2015-04-25 14:21:55',38500),('TIVdNgxG','AaUmfTxS',NULL,NULL,'3','2015-04-25 14:21:57',28500),('tKgTIqVf','NvlHYRBL',NULL,NULL,'8','2015-04-25 14:22:03',35500),('tpc4wMx8','ontjCKsD',NULL,NULL,'8','2015-04-25 14:21:54',89500),('TrlZ1PNy','ewxcAhSW',NULL,NULL,'5','2015-04-25 14:21:54',68500),('TY4pStMd','iqVoHjGB',NULL,NULL,'2','2015-04-25 14:22:07',86500),('TYNdcw2u','tejosJIR',NULL,NULL,'14','2015-04-25 14:21:56',49500),('tZadNT1E','rsQFwYtI',NULL,NULL,'4','2015-04-25 14:21:54',35500),('U3AZDbar','HGjnEJLb',NULL,NULL,'13','2015-04-25 14:21:55',28500),('U6c9NMTf','MdqOsaIm',NULL,NULL,'3','2015-04-25 14:21:57',47500),('U7njtaW6','qVpnCzfh',NULL,NULL,'6','2015-04-25 14:21:53',71500),('U8Z3H71j','oCpdLrmz',NULL,NULL,'9','2015-04-25 14:22:07',90500),('UcgiHKPO','tBDcXEYL',NULL,NULL,'8','2015-04-25 14:22:12',56500),('UCInTAcw','FHfkdSvc',NULL,NULL,'10','2015-04-25 14:22:05',40500),('UDqjsm7K','rdaZlIwz',NULL,NULL,'14','2015-04-25 14:22:03',36500),('ujmxkhQf','uEwhXrcy',NULL,NULL,'6','2015-04-25 14:21:55',75500),('ULpktRVX','JrsDouPG',NULL,NULL,'11','2015-04-25 14:21:58',72500),('uOkc0nNI','xGIELXpr',NULL,NULL,'4','2015-04-25 14:22:09',32500),('uPVW9n0c','ZREPlocu',NULL,NULL,'10','2015-04-25 14:21:59',33500),('uXJrDf63','BmeCHAEb',NULL,NULL,'3','2015-04-25 14:22:06',82500),('uxzRk2SW','JVWrThgD',NULL,NULL,'9','2015-04-25 14:22:09',20500),('uy7OElM5','UEgxZvaD',NULL,NULL,'14','2015-04-25 14:21:56',82500),('v0DuKyOB','abGvpksI',NULL,NULL,'4','2015-04-25 14:22:08',41500),('v1iKUy2F','AUqzYnNS',NULL,NULL,'14','2015-04-25 14:22:10',33500),('v3dqUINp','pdWBHiYo',NULL,NULL,'10','2015-04-25 14:21:55',59500),('V5yXemEb','FlgRsbWa',NULL,NULL,'5','2015-04-25 14:22:07',53500),('V7lzsIAh','LZdcYIib',NULL,NULL,'2','2015-04-25 14:22:00',79500),('v8dTpe1S','wfyJiBRQ',NULL,NULL,'11','2015-04-25 14:21:55',50500),('V9KJestz','qMekQjng',NULL,NULL,'5','2015-04-25 14:21:55',87500),('vAK8V2FL','CYFmbyPD',NULL,NULL,'9','2015-04-25 14:21:58',29500),('vcIinJqP','IUaLSDxc',NULL,NULL,'8','2015-04-25 14:22:08',61500),('VcnHR7lT','ZykuJEzt',NULL,NULL,'2','2015-04-25 14:21:55',28500),('vCPFdQzm','WySjQhRr',NULL,NULL,'13','2015-04-25 14:22:08',43500),('vD0yZKzc','tfJybvIj',NULL,NULL,'7','2015-04-25 14:22:04',45500),('vdrVBJpx','upkKRClU',NULL,NULL,'12','2015-04-25 14:22:01',76500),('VDXvQIkT','fwqATzRk',NULL,NULL,'2','2015-04-25 14:22:10',55500),('vEQPdlz8','RstPABLK',NULL,NULL,'8','2015-04-25 14:22:02',45500),('VFGaUTDc','nOqaRGHZ',NULL,NULL,'10','2015-04-25 14:21:55',49500),('vG3Kag5y','tcDJlMps',NULL,NULL,'2','2015-04-25 14:21:54',44500),('vi7Zbd3Q','ytVQSrzY',NULL,NULL,'13','2015-04-25 14:22:04',32500),('VO4P05lM','NiBaUpdc',NULL,NULL,'11','2015-04-25 14:22:02',85500),('voXsWZ5L','BTjUskbC',NULL,NULL,'4','2015-04-25 14:22:09',23500),('vqYJa5cb','FAiwvkRY',NULL,NULL,'2','2015-04-25 14:22:02',68500),('Vtd29KTx','AzFWqYdC',NULL,NULL,'3','2015-04-25 14:21:54',63500),('vUZ4IA1O','IbraksVm',NULL,NULL,'13','2015-04-25 14:22:09',37500),('Vxv6KuhR','MqCXGdml',NULL,NULL,'4','2015-04-25 14:22:07',53500),('w2y4uIGR','hgDspzAI',NULL,NULL,'13','2015-04-25 14:22:12',63500),('w8lP5TLU','qRsQceJS',NULL,NULL,'13','2015-04-25 14:22:07',36500),('w8TmfRq3','sdxgHZnX',NULL,NULL,'5','2015-04-25 14:22:09',81500),('WBdoqm9O','KLIckqAp',NULL,NULL,'7','2015-04-25 14:22:11',40500),('WE0OflMC','vmdgrYUR',NULL,NULL,'3','2015-04-25 14:21:54',68500),('wFXc0lI7','wxWGgkBr',NULL,NULL,'6','2015-04-25 14:21:53',50500),('WfXGdPI5','GpPsXItD',NULL,NULL,'9','2015-04-25 14:21:57',20500),('WhfkiSXK','jMRIqWcP',NULL,NULL,'3','2015-04-25 14:21:54',24500),('wjaiJkSg','tRAoWihZ',NULL,NULL,'12','2015-04-25 14:21:56',84500),('wJPhMISp','YWzPnUkd',NULL,NULL,'11','2015-04-25 14:22:04',90500),('Wl0VQUKq','HNQcFqWa',NULL,NULL,'8','2015-04-25 14:22:00',20500),('wmn67yUl','DuYwrHEj',NULL,NULL,'5','2015-04-25 14:22:02',30500),('wNmSP4cU','MeSTZbCG',NULL,NULL,'3','2015-04-25 14:21:56',27500),('wqtLhG8o','NheuXEdf',NULL,NULL,'10','2015-04-25 14:21:57',33500),('WRdisv6w','Gevfpxtg',NULL,NULL,'7','2015-04-25 14:22:12',27500),('WwSGd09M','jJempcvY',NULL,NULL,'12','2015-04-25 14:22:02',62500),('wY8AZyOs','irmZzsMC',NULL,NULL,'12','2015-04-25 14:22:06',59500),('WyEmbhiu','VJMjOETL',NULL,NULL,'2','2015-04-25 14:21:56',53500),('wzUDXAdT','qCtXNsTp',NULL,NULL,'10','2015-04-25 14:22:02',89500),('x0Zeo93T','IxBgfWFb',NULL,NULL,'6','2015-04-25 14:22:03',65500),('x5zX1gPi','zrbtyQBo',NULL,NULL,'11','2015-04-25 14:22:05',27500),('X6OvHe0b','HPDorfuB',NULL,NULL,'3','2015-04-25 14:22:05',32500),('xB6h7vgk','CwtTLxzX',NULL,NULL,'6','2015-04-25 14:21:57',57500),('XdzVvkMb','IXfjUzSA',NULL,NULL,'8','2015-04-25 14:21:53',75500),('Xh3ARarq','MKslPZQk',NULL,NULL,'8','2015-04-25 14:21:56',21500),('xj4z0hHa','UAScotHl',NULL,NULL,'4','2015-04-25 14:22:09',60500),('xKlZTQWw','BUiHkAJl',NULL,NULL,'5','2015-04-25 14:21:55',58500),('xkZVwEqX','cZgpjDLe',NULL,NULL,'12','2015-04-25 14:22:02',65500),('XLcUYG0z','NlmjTRaI',NULL,NULL,'10','2015-04-25 14:21:54',26500),('XldVc7bp','KPouRnmO',NULL,NULL,'5','2015-04-25 14:22:01',35500),('xljTEeVI','RLXPoNHO',NULL,NULL,'12','2015-04-25 14:21:55',45500),('xNGZpl9v','gOftPxVb',NULL,NULL,'9','2015-04-25 14:22:05',63500),('xnNRI3yr','bBHKsyLd',NULL,NULL,'6','2015-04-25 14:21:54',42500),('xpcU9T7R','rBRJMGZQ',NULL,NULL,'11','2015-04-25 14:21:56',60500),('xqF15krP','rjLniJxg',NULL,NULL,'5','2015-04-25 14:21:54',72500),('XRPeiI6j','tbXBrKJZ',NULL,NULL,'2','2015-04-25 14:22:00',80500),('Xs97FVIt','FUVKHwrk',NULL,NULL,'11','2015-04-25 14:22:00',25500),('XSq4nPEU','UIVExSLO',NULL,NULL,'13','2015-04-25 14:22:03',62500),('xtuQnDYB','ITtixKeh',NULL,NULL,'7','2015-04-25 14:22:10',23500),('XuLKlgka','ZqalbPXA',NULL,NULL,'11','2015-04-25 14:22:09',72500),('xUqyLTgZ','VEHwQkXY',NULL,NULL,'7','2015-04-25 14:22:07',27500),('XxTnmwlK','LzWdEDnA',NULL,NULL,'7','2015-04-25 14:21:58',68500),('y1ncQlV5','jyUvTYgG',NULL,NULL,'2','2015-04-25 14:22:11',70500),('y2Rxm0r5','JsmqFTAP',NULL,NULL,'9','2015-04-25 14:21:57',20500),('y6R4HQF1','FNwiCnjX',NULL,NULL,'3','2015-04-25 14:22:12',36500),('Y7CZAhft','XirLSvEb',NULL,NULL,'8','2015-04-25 14:21:53',38500),('YaDhOxbB','bNswMYJK',NULL,NULL,'7','2015-04-25 14:22:06',74500),('YBl0V4XK','CuTPHhnI',NULL,NULL,'5','2015-04-25 14:22:10',31500),('yd4wifUK','ZztujYJW',NULL,NULL,'3','2015-04-25 14:22:11',25500),('YfqNsQgp','tiDbxgyd',NULL,NULL,'7','2015-04-25 14:21:53',33500),('yhEtd9aH','qpbnmDhv',NULL,NULL,'3','2015-04-25 14:22:12',20500),('yJ0W83t9','gkDHQlwy',NULL,NULL,'10','2015-04-25 14:22:04',36500),('yJ1OGN3p','UgmLEcid',NULL,NULL,'7','2015-04-25 14:21:55',42500),('ylYpH2fG','UNnRShQu',NULL,NULL,'10','2015-04-25 14:22:04',71500),('yPzpbOnU','OLCStFxE',NULL,NULL,'5','2015-04-25 14:21:57',63500),('yqB25blX','MuDBWLRm',NULL,NULL,'8','2015-04-25 14:22:01',31500),('yQFjAUXI','vXnxLuUz',NULL,NULL,'4','2015-04-25 14:22:08',80500),('yQSklEfu','toADLCBd',NULL,NULL,'14','2015-04-25 14:22:06',85500),('ytGSqN0r','WDaYOAzm',NULL,NULL,'4','2015-04-25 14:22:10',81500),('YtJjuKbf','hMzXVPGb',NULL,NULL,'10','2015-04-25 14:22:06',24500),('YWAmBOeV','AHsctpMQ',NULL,NULL,'7','2015-04-25 14:22:03',58500),('yXNi9nrz','BaFAxNzS',NULL,NULL,'5','2015-04-25 14:21:57',68500),('yXt31l09','kDSEjMKZ',NULL,NULL,'3','2015-04-25 14:22:10',54500),('YzaIkfvP','tfUjgOpT',NULL,NULL,'2','2015-04-25 14:22:06',48500),('Z1BLmIYk','CMoSdyIJ',NULL,NULL,'4','2015-04-25 14:22:06',32500),('Z3eStw82','HcimGrpx',NULL,NULL,'8','2015-04-25 14:22:01',73500),('Z4byv1Md','YoGbtqBR',NULL,NULL,'6','2015-04-25 14:22:05',68500),('z5Ey2gVN','HvSobATr',NULL,NULL,'9','2015-04-25 14:21:57',20500),('z7t0mlx3','uKDTZQHY',NULL,NULL,'7','2015-04-25 14:22:12',22500),('z8k5ynC7','GRqVlZnx',NULL,NULL,'5','2015-04-25 14:22:07',80500),('z9WLqMGj','WLRhnyZN',NULL,NULL,'9','2015-04-25 14:21:53',31500),('zAFTn6Kv','zcBtAjNd',NULL,NULL,'11','2015-04-25 14:21:57',61500),('zaP8xTK4','EHVoOkcT',NULL,NULL,'6','2015-04-25 14:22:05',62500),('zaYKhtlP','DhzHkvnV',NULL,NULL,'8','2015-04-25 14:22:02',63500),('Zb8kw4iu','ulFHfUvS',NULL,NULL,'6','2015-04-25 14:22:09',85500),('ZBWp9Ein','JpCRdhgv',NULL,NULL,'4','2015-04-25 14:22:04',60500),('ZC0mnd2U','LbkerpDi',NULL,NULL,'9','2015-04-25 14:22:02',76500),('Zemg7aQn','xdMVapqj',NULL,NULL,'2','2015-04-25 14:22:00',60500),('Zh6Suakg','IYRXZaKL',NULL,NULL,'3','2015-04-25 14:22:08',55500),('ZIdsMRBA','GrBFQLcu',NULL,NULL,'3','2015-04-25 14:22:11',27500),('ZK6XBExj','QXoLDVGa',NULL,NULL,'9','2015-04-25 14:22:08',65500),('ZkzWlBME','jpDaCkNX',NULL,NULL,'9','2015-04-25 14:22:01',73500),('zM7IVsFS','gslvjicn',NULL,NULL,'6','2015-04-25 14:22:02',75500),('zn49aOGy','JnIZGrfa',NULL,NULL,'3','2015-04-25 14:22:12',50500),('ZpfylzHV','uOwfARez',NULL,NULL,'14','2015-04-25 14:21:59',33500),('zpiBLYP8','AxrCJbcn',NULL,NULL,'13','2015-04-25 14:22:07',45500),('zRaWGbJL','gTJaoQPw',NULL,NULL,'10','2015-04-25 14:21:57',68500),('ZsvnScJI','pheEDjNs',NULL,NULL,'7','2015-04-25 14:22:02',90500),('zV21fPoS','SwutYxGU',NULL,NULL,'11','2015-04-25 14:21:54',21500);

#
# Structure for table "order"
#

DROP TABLE IF EXISTS `order`;
CREATE TABLE `order` (
  `idorder` varchar(255) NOT NULL DEFAULT '',
  `idcustomer` varchar(11) DEFAULT NULL,
  `idproduk` varchar(11) DEFAULT NULL,
  `idpegawai` varchar(11) DEFAULT '0',
  `tgl_order` timestamp NULL DEFAULT CURRENT_TIMESTAMP ON UPDATE CURRENT_TIMESTAMP,
  `tgl_selesai` varchar(255) DEFAULT NULL,
  `status` varchar(2) DEFAULT '0' COMMENT '0 = order , 1 = progres , 2 = selesai, 3 = diambil',
  PRIMARY KEY (`idorder`),
  KEY `FK_CUSTOMER_idx` (`idcustomer`),
  KEY `FK_PRODUK_idx` (`idproduk`),
  KEY `FK_PEGAWAI_idx` (`idpegawai`),
  CONSTRAINT `FK_CUSTOMER` FOREIGN KEY (`idcustomer`) REFERENCES `customer` (`idcustomer`) ON DELETE NO ACTION ON UPDATE NO ACTION,
  CONSTRAINT `FK_PEGAWAI` FOREIGN KEY (`idpegawai`) REFERENCES `pegawai` (`idpegawai`) ON DELETE NO ACTION ON UPDATE NO ACTION,
  CONSTRAINT `FK_PRODUK` FOREIGN KEY (`idproduk`) REFERENCES `produk` (`idproduk`) ON DELETE NO ACTION ON UPDATE NO ACTION
) ENGINE=InnoDB DEFAULT CHARSET=latin1;

#
# Data for table "order"
#

INSERT INTO `order` VALUES ('01285','8340165','lNkyh3Xx','1','2015-04-26 23:50:23',NULL,'0'),('01476','3810926','JjLVQbSY','1','2015-04-26 23:50:21',NULL,'0'),('01486','5732810','sZSzckLB','1','2015-04-26 23:50:20',NULL,'0'),('01549','7253089','KngZ9pOW','1','2015-04-26 23:50:14',NULL,'1'),('01632','8015432','6MKAQpLa','1','2015-04-26 23:50:24',NULL,'0'),('01647','3627508','iy84oaEK','1','2015-04-26 23:50:16',NULL,'0'),('01649','7564318','h2JUTqd4','1','2015-04-26 23:50:23',NULL,'1'),('01653','7281940','w8TmfRq3','1','2015-04-26 23:52:29',NULL,'0'),('01925','7480613','vcIinJqP','1','2015-04-26 23:50:14',NULL,'0'),('01985','2846371','4EQtFhPL','1','2015-04-26 23:52:27',NULL,'1'),('02367','4237698','a2NSlVZm','1','2015-04-26 23:50:15',NULL,'0'),('02437','2016785','xtuQnDYB','1','2015-04-26 23:50:25',NULL,'1'),('02651','5387420','tpc4wMx8','1','2015-04-26 23:50:23',NULL,'1'),('03125','7831594','WBdoqm9O','1','2015-04-26 23:50:23',NULL,'0'),('03284','7640318','hdONS3fJ','1','2015-04-26 23:52:27',NULL,'1'),('03549','5094163','v3dqUINp','1','2015-04-26 23:50:17',NULL,'0'),('03561','0174269','uOkc0nNI','1','2015-04-26 23:52:25',NULL,'1'),('03821','9468103','H3LQAqKf','1','2015-04-26 23:52:28',NULL,'1'),('03894','0475213','5wNbMCXn','1','2015-04-26 23:52:30',NULL,'0'),('04293','9126805','XdzVvkMb','1','2015-04-26 23:50:25',NULL,'1'),('04298','6138570','zRaWGbJL','1','2015-04-26 23:50:17',NULL,'0'),('04752','5217498','DgzHaxEk','1','2015-04-26 23:52:25',NULL,'0'),('04965','6275340','2E5vwjFO','1','2015-04-26 23:52:26',NULL,'1'),('05179','8507194','l4XkvCp2','1','2015-04-26 23:50:26',NULL,'0'),('05321','8954237','yPzpbOnU','1','2015-04-26 23:50:17',NULL,'1'),('05361','6275340','xj4z0hHa','1','2015-04-26 23:52:20',NULL,'0'),('05372','7436019','fQKHN5GS','1','2015-04-26 23:50:18',NULL,'1'),('05468','8541762','Kwjv25AW','1','2015-04-26 23:50:16',NULL,'0'),('05632','1854360','ReMsPQug','1','2015-04-26 23:50:17',NULL,'0'),('05639','2931856','PSlv7aGR','1','2015-04-26 23:52:31',NULL,'0'),('05734','7298341','duQB9aEy','1','2015-04-26 23:50:16',NULL,'0'),('05762','5094163','N21etoHY','1','2015-04-26 23:50:14',NULL,'0'),('05961','9564710','8dG9RJUS','1','2015-04-26 23:50:22',NULL,'1'),('06298','7246109','bJkK4cmA','1','2015-04-26 23:52:29',NULL,'1'),('06439','4058176','Bk16j3Hg','1','2015-04-26 23:50:18',NULL,'0'),('06741','9370652','8xDpMtcY','1','2015-04-26 23:50:22',NULL,'0'),('06742','4912675','TgrEWha3','1','2015-04-26 23:52:31',NULL,'0'),('06918','7206835','8dG9RJUS','1','2015-04-26 23:52:27',NULL,'1'),('06947','9468103','rgGdkRMn','1','2015-04-26 23:50:21',NULL,'1'),('06971','9754123','14wtu3FN','1','2015-04-26 23:50:22',NULL,'1'),('07253','4729506','Z3eStw82','1','2015-04-26 23:50:19',NULL,'0'),('07564','9072683','yJ1OGN3p','1','2015-04-26 23:50:16',NULL,'1'),('07621','6413827','hdONS3fJ','1','2015-04-26 23:52:32',NULL,'0'),('08129','8075246','QWvEsLoj','1','2015-04-26 23:52:32',NULL,'0'),('08197','4728365','1kwHON4n','1','2015-04-26 23:50:21',NULL,'1'),('08271','9837024','WhfkiSXK','1','2015-04-26 23:52:25',NULL,'0'),('08352','3082157','J6pMBif5','1','2015-04-26 23:52:20',NULL,'0'),('08415','9741052','pj5AMuDf','1','2015-04-26 23:52:25',NULL,'1'),('08536','7298341','JdPher0I','1','2015-04-26 23:50:21',NULL,'0'),('08694','8497013','glO7jinT','1','2015-04-26 23:52:33',NULL,'1'),('08695','2967401','jGXcywaC','1','2015-04-26 23:50:17',NULL,'1'),('08745','2390548','qT9OZxFW','1','2015-04-26 23:50:19',NULL,'1'),('08796','2016785','WE0OflMC','1','2015-04-26 23:52:32',NULL,'0'),('08954','2584317','a2NSlVZm','1','2015-04-26 23:50:15',NULL,'1'),('09273','1089245','xKlZTQWw','1','2015-04-26 23:52:28',NULL,'0'),('09347','5692137','m1lTgG3N','1','2015-04-26 23:52:30',NULL,'1'),('09625','5086793','l0Y1aoNz','1','2015-04-26 23:50:14',NULL,'1'),('10247','9210786','2Pfx9pKA','1','2015-04-26 23:52:28',NULL,'1'),('10437','0396174','Zb8kw4iu','1','2015-04-26 23:50:22',NULL,'0'),('10572','5749102','WBdoqm9O','1','2015-04-26 23:50:15',NULL,'1'),('10574','4278591','jcqul1Y3','1','2015-04-26 23:50:14',NULL,'1'),('10579','1289037','yJ1OGN3p','1','2015-04-26 23:52:31',NULL,'0'),('10623','6580793','74oLh1yJ','1','2015-04-26 23:52:26',NULL,'1'),('10654','2104679','2bFotxAO','1','2015-04-26 23:50:16',NULL,'0'),('10852','4503829','Xs97FVIt','1','2015-04-26 23:50:18',NULL,'0'),('12047','8429150','l0Y1aoNz','1','2015-04-26 23:50:21',NULL,'0'),('12304','8651924','bvuPdEJr','1','2015-04-26 23:50:15',NULL,'1'),('12496','7210843','ELGiRHut','1','2015-04-26 23:50:23',NULL,'1'),('12673','5812630','2F9Opkof','1','2015-04-26 23:50:20',NULL,'0'),('12697','3628571','fNSo7v0d','1','2015-04-26 23:50:18',NULL,'1'),('12987','5094163','Wl0VQUKq','1','2015-04-26 23:50:17',NULL,'0'),('13205','8729563','Cz085GPX','1','2015-04-26 23:50:21',NULL,'1'),('13276','4873152','qr21uND4','1','2015-04-26 23:52:28',NULL,'0'),('13409','0362458','VFGaUTDc','1','2015-04-26 23:52:28',NULL,'1'),('13458','7684953','2F9Opkof','1','2015-04-26 23:52:29',NULL,'0'),('13629','3217604','pj5AMuDf','1','2015-04-26 23:52:30',NULL,'0'),('13642','2689145','wmn67yUl','1','2015-04-26 23:50:14',NULL,'1'),('13654','6827391','mo19f4iv','1','2015-04-26 23:52:29',NULL,'0'),('13842','4035816','w8lP5TLU','1','2015-04-26 23:50:26',NULL,'1'),('13984','8612307','XxTnmwlK','1','2015-04-26 23:50:19',NULL,'0'),('14059','3906287','GXDbmcke','1','2015-04-26 23:50:18',NULL,'1'),('14269','6970182','w8TmfRq3','1','2015-04-26 23:50:25',NULL,'0'),('14296','5907842','G9IZBCpt','1','2015-04-26 23:52:25',NULL,'0'),('14369','5086793','mhXUyYKJ','1','2015-04-26 23:52:31',NULL,'1'),('14582','0765428','bwgO10un','1','2015-04-26 23:50:20',NULL,'1'),('15472','2369157','LrTGSoJZ','1','2015-04-26 23:50:19',NULL,'0'),('15478','5217498','OyHFjKto','1','2015-04-26 23:50:20',NULL,'0'),('15629','9072683','CUKkV1e9','1','2015-04-26 23:50:20',NULL,'1'),('15694','9643725','FEy1XVam','1','2015-04-26 23:52:25',NULL,'0'),('15786','3176092','XldVc7bp','1','2015-04-26 23:50:14',NULL,'0'),('16273','8039716','Qdbe7KM5','1','2015-04-26 23:50:19',NULL,'0'),('16493','9746025','U3AZDbar','1','2015-04-26 23:52:25',NULL,'1'),('16934','0291683','WwSGd09M','1','2015-04-26 23:52:27',NULL,'1'),('17085','8025149','qr21uND4','1','2015-04-26 23:50:17',NULL,'0'),('17325','5942708','0fvJ9w6S','1','2015-04-26 23:50:18',NULL,'1'),('17589','5094163','8OLzaE1c','1','2015-04-26 23:52:28',NULL,'0'),('17693','0713296','xqF15krP','1','2015-04-26 23:52:29',NULL,'0'),('17953','8039716','hVk2qmuA','1','2015-04-26 23:50:26',NULL,'1'),('18059','5962347','ylYpH2fG','1','2015-04-26 23:50:22',NULL,'0'),('18359','5870926','h7gqnySf','1','2015-04-26 23:50:19',NULL,'0'),('18476','0632794','YBl0V4XK','1','2015-04-26 23:50:16',NULL,'1'),('18536','1306594','h7gqnySf','1','2015-04-26 23:50:21',NULL,'1'),('18672','8520714','gufQ90B4','1','2015-04-26 23:50:18',NULL,'0'),('19053','8690527','v0DuKyOB','1','2015-04-26 23:50:15',NULL,'0'),('19263','4309576','QhYdPCzc','1','2015-04-26 23:52:31',NULL,'0'),('19356','5962347','y2Rxm0r5','1','2015-04-26 23:50:16',NULL,'0'),('19826','1486370','DdGbJ76E','1','2015-04-26 23:52:25',NULL,'0'),('20589','2967401','5RJDKQIz','1','2015-04-26 23:52:26',NULL,'0'),('21053','3295641','v1iKUy2F','1','2015-04-26 23:52:25',NULL,'0'),('21769','8340165','gufQ90B4','1','2015-04-26 23:50:14',NULL,'1'),('21950','0982573','G9IZBCpt','1','2015-04-26 23:52:32',NULL,'0'),('23078','6910432','MAHJNaV1','1','2015-04-26 23:50:14',NULL,'1'),('23107','8165239','3nJ4dYv7','1','2015-04-26 23:52:26',NULL,'1'),('23461','2390548','RPIuQJc5','1','2015-04-26 23:50:19',NULL,'1'),('23685','6013425','V7lzsIAh','1','2015-04-26 23:52:26',NULL,'0'),('24079','1306594','YWAmBOeV','1','2015-04-26 23:50:26',NULL,'1'),('24185','3982506','ehrKudVn','1','2015-04-26 23:50:15',NULL,'0'),('24316','3269847','H3LQAqKf','1','2015-04-26 23:50:24',NULL,'1'),('24851','6348091','M0Ahb4Tc','1','2015-04-26 23:50:23',NULL,'1'),('25340','0164938','zaP8xTK4','1','2015-04-26 23:52:28',NULL,'1'),('25631','1876594','KTlFDoXB','1','2015-04-26 23:50:24',NULL,'0'),('25684','5921863','KvXynbAE','1','2015-04-26 23:52:29',NULL,'1'),('25764','6857412','Fb1MSfqG','1','2015-04-26 23:52:26',NULL,'1'),('25784','8016745','yXNi9nrz','1','2015-04-26 23:50:15',NULL,'1'),('25793','7480613','Bfo8LiE2','1','2015-04-26 23:52:28',NULL,'1'),('25831','1536789','mDw8Nfin','1','2015-04-26 23:52:31',NULL,'1'),('25870','0243786','HkzWORol','1','2015-04-26 23:50:16',NULL,'0'),('25980','3268479','sF6Rmigz','1','2015-04-26 23:50:19',NULL,'0'),('26013','0869415','2Pfx9pKA','1','2015-04-26 23:52:26',NULL,'1'),('26453','1463802','51rV7O8g','1','2015-04-26 23:52:28',NULL,'1'),('26574','7680452','3SqRE2GL','1','2015-04-26 23:52:28',NULL,'1'),('26584','6580793','OXCKcuki','1','2015-04-26 23:50:21',NULL,'1'),('26719','7813254','aX5ujSDG','1','2015-04-26 23:50:14',NULL,'1'),('26948','7083249','TGOf1CJu','1','2015-04-26 23:50:23',NULL,'1'),('26954','1562980','bJkK4cmA','1','2015-04-26 23:50:16',NULL,'0'),('27193','5046718','GbKUF6Sn','1','2015-04-26 23:50:17',NULL,'1'),('27314','3624108','SojGLP97','1','2015-04-26 23:52:32',NULL,'0'),('27369','0631549','2ClrbJDK','1','2015-04-26 23:50:25',NULL,'1'),('27451','7695134','N023gRTe','1','2015-04-26 23:50:23',NULL,'1'),('27510','1732964','XdzVvkMb','1','2015-04-26 23:50:22',NULL,'1'),('27546','1306594','01E6BOnh','1','2015-04-26 23:50:17',NULL,'1'),('27596','7210843','oHuxnOAZ','1','2015-04-26 23:50:26',NULL,'0'),('27804','8635742','phsq76c9','1','2015-04-26 23:52:27',NULL,'1'),('27835','9746025','D73cIAaR','1','2015-04-26 23:52:20',NULL,'1'),('27861','3862514','2Pfx9pKA','1','2015-04-26 23:50:22',NULL,'0'),('28503','5960237','z9WLqMGj','1','2015-04-26 23:52:27',NULL,'0'),('28567','6985124','Zh6Suakg','1','2015-04-26 23:52:31',NULL,'0'),('28754','4819027','rvWpK01g','1','2015-04-26 23:50:19',NULL,'0'),('29157','8527904','wzUDXAdT','1','2015-04-26 23:52:33',NULL,'1'),('29431','1536789','9cRxeqzg','1','2015-04-26 23:50:23',NULL,'0'),('29587','4136275','69IURNku','1','2015-04-26 23:52:28',NULL,'1'),('29837','1398564','dsybwvRa','1','2015-04-26 23:52:28',NULL,'0'),('30274','4503829','DJ4wHWRA','1','2015-04-26 23:50:21',NULL,'1'),('30279','9862301','lD1zcEBh','1','2015-04-26 23:52:31',NULL,'0'),('30281','7053418','vD0yZKzc','1','2015-04-26 23:50:24',NULL,'0'),('30485','2695078','OBJhdNen','1','2015-04-26 23:50:19',NULL,'1'),('30648','0625873','U8Z3H71j','1','2015-04-26 23:52:24',NULL,'1'),('30721','1034782','wJPhMISp','1','2015-04-26 23:50:19',NULL,'0'),('30758','9370652','TY4pStMd','1','2015-04-26 23:50:14',NULL,'0'),('31604','8675293','vG3Kag5y','1','2015-04-26 23:52:25',NULL,'0'),('31698','7640318','EQa9h5Db','1','2015-04-26 23:50:18',NULL,'0'),('31805','9678041','Rby2Trji','1','2015-04-26 23:52:25',NULL,'1'),('31826','3627508','phsq76c9','1','2015-04-26 23:50:18',NULL,'1'),('31827','4278591','1beVwLyp','1','2015-04-26 23:50:19',NULL,'1'),('31867','6538719','GhyY6FsW','1','2015-04-26 23:50:21',NULL,'0'),('32075','1469320','V9KJestz','1','2015-04-26 23:50:26',NULL,'1'),('32490','0368475','bJkK4cmA','1','2015-04-26 23:52:25',NULL,'1'),('32571','0275894','0fvJ9w6S','1','2015-04-26 23:50:18',NULL,'0'),('32704','9605132','HS0tAs2u','1','2015-04-26 23:50:23',NULL,'0'),('32768','3082157','eHqLI2Ww','1','2015-04-26 23:52:25',NULL,'1'),('34075','2791480','oLdNPOtQ','1','2015-04-26 23:52:26',NULL,'0'),('34085','3269847','zRaWGbJL','1','2015-04-26 23:52:28',NULL,'1'),('34159','2357184','w8lP5TLU','1','2015-04-26 23:52:20',NULL,'1'),('34265','3810926','duQB9aEy','1','2015-04-26 23:50:17',NULL,'0'),('35078','2915473','CaX4c9sM','1','2015-04-26 23:52:25',NULL,'1'),('36504','6549820','vdrVBJpx','1','2015-04-26 23:52:26',NULL,'1'),('36821','4637802','9Xpbmvyz','1','2015-04-26 23:50:20',NULL,'0'),('36829','8490352','MhxFiTBk','1','2015-04-26 23:50:22',NULL,'1'),('36841','6580793','F08ZVR96','1','2015-04-26 23:50:21',NULL,'1'),('37045','7640318','hVk2qmuA','1','2015-04-26 23:50:16',NULL,'0'),('37084','0164729','NL8HfJ7a','1','2015-04-26 23:52:25',NULL,'1'),('37254','8396741','jHrw0kSU','1','2015-04-26 23:52:26',NULL,'1'),('37290','6348091','JcWGPAQV','1','2015-04-26 23:50:18',NULL,'0'),('37468','4219806','c2FkOdtr','1','2015-04-26 23:50:19',NULL,'0'),('37865','2390548','H3LQAqKf','1','2015-04-26 23:50:24',NULL,'1'),('37869','6502987','mOMfjUT4','1','2015-04-26 23:50:24',NULL,'0'),('38156','1946753','ZK6XBExj','1','2015-04-26 23:52:32',NULL,'0'),('38275','2380147','sZSzckLB','1','2015-04-26 23:52:32',NULL,'0'),('38627','8203179','oLdNPOtQ','1','2015-04-26 23:50:16',NULL,'1'),('38694','2584317','l0Y1aoNz','1','2015-04-26 23:50:22',NULL,'1'),('39026','4528071','mDw8Nfin','1','2015-04-26 23:50:14',NULL,'0'),('39107','8497013','wNmSP4cU','1','2015-04-26 23:50:18',NULL,'0'),('39124','4873216','3MXvwmt7','1','2015-04-26 23:50:20',NULL,'1'),('39164','9370624','pC7VrSBE','1','2015-04-26 23:50:20',NULL,'0'),('39425','0953248','D0pnsWTL','1','2015-04-26 23:50:25',NULL,'0'),('39560','7521968','9cRxeqzg','1','2015-04-26 23:50:22',NULL,'0'),('39610','4237698','7Nl0Y3XP','1','2015-04-26 23:50:20',NULL,'0'),('39641','5812630','dpzBho5P','1','2015-04-26 23:50:22',NULL,'1'),('39725','7640318','DdGbJ76E','1','2015-04-26 23:50:23',NULL,'1'),('39785','8541762','EQa9h5Db','1','2015-04-26 23:52:28',NULL,'1'),('39801','8637491','V9KJestz','1','2015-04-26 23:50:18',NULL,'0'),('40276','1463802','JcWGPAQV','1','2015-04-26 23:50:16',NULL,'0'),('40385','7213045','IMTUkqjz','1','2015-04-26 23:52:31',NULL,'0'),('40678','3598162','cohfGS8b','1','2015-04-26 23:52:31',NULL,'0'),('41053','9678041','p6elk48J','1','2015-04-26 23:52:32',NULL,'1'),('41376','8460352','LfpqYcIG','1','2015-04-26 23:50:26',NULL,'1'),('41398','2360548','z8k5ynC7','1','2015-04-26 23:50:13',NULL,'0'),('41537','0678512','yXt31l09','1','2015-04-26 23:52:32',NULL,'1'),('41590','3628497','pxze7wHm','1','2015-04-26 23:52:25',NULL,'1'),('41629','2685973','D0pnsWTL','1','2015-04-26 23:50:20',NULL,'0'),('42081','2063491','mhqLe8KZ','1','2015-04-26 23:50:25',NULL,'1'),('42301','0826459','SBqPsN59','1','2015-04-26 23:50:25',NULL,'1'),('42397','7106359','JzyGovPI','1','2015-04-26 23:50:15',NULL,'0'),('42537','1063249','Kj5OINdw','1','2015-04-26 23:50:25',NULL,'1'),('42560','0764395','VO4P05lM','1','2015-04-26 23:52:26',NULL,'0'),('42638','1586079','SJUD5NXl','1','2015-04-26 23:50:22',NULL,'1'),('42893','9758601','Z4byv1Md','1','2015-04-26 23:50:13',NULL,'1'),('43187','8954237','vi7Zbd3Q','1','2015-04-26 23:50:24',NULL,'0'),('45186','2380147','MAbH6dV3','1','2015-04-26 23:50:21',NULL,'1'),('45283','0479623','ax6nwrYo','1','2015-04-26 23:50:17',NULL,'0'),('45382','9741052','GshW3knM','1','2015-04-26 23:52:26',NULL,'1'),('45869','1598723','4jWYENUF','1','2015-04-26 23:50:21',NULL,'1'),('46185','3176092','Zemg7aQn','1','2015-04-26 23:50:18',NULL,'0'),('46321','7196352','jGXcywaC','1','2015-04-26 23:50:23',NULL,'0'),('46573','0631549','c2FkOdtr','1','2015-04-26 23:52:25',NULL,'0'),('46731','1547620','xnNRI3yr','1','2015-04-26 23:52:31',NULL,'1'),('46920','0963182','POGYt1aV','1','2015-04-26 23:50:26',NULL,'1'),('47056','9614850','TY4pStMd','1','2015-04-26 23:50:15',NULL,'0'),('47205','0961283','MAHJNaV1','1','2015-04-26 23:50:18',NULL,'0'),('47392','8690527','gufQ90B4','1','2015-04-26 23:50:14',NULL,'0'),('47928','2475613','pBta0nr8','1','2015-04-26 23:50:15',NULL,'0'),('48069','5203741','5EzG4pBO','1','2015-04-26 23:52:29',NULL,'1'),('48092','4351072','7Zgq4K2V','1','2015-04-26 23:50:20',NULL,'1'),('48103','7259681','69IURNku','1','2015-04-26 23:50:15',NULL,'0'),('48216','0963182','lD1zcEBh','1','2015-04-26 23:50:21',NULL,'1'),('48910','1063528','VO4P05lM','1','2015-04-26 23:50:22',NULL,'0'),('48926','9153672','ind5sNCR','1','2015-04-26 23:52:20',NULL,'0'),('49026','0632159','eHqLI2Ww','1','2015-04-26 23:50:13',NULL,'0'),('49036','9570218','zV21fPoS','1','2015-04-26 23:52:20',NULL,'1'),('49187','1758234','smxz0Ldf','1','2015-04-26 23:50:16',NULL,'1'),('49265','4926358','TIVdNgxG','1','2015-04-26 23:52:26',NULL,'1'),('49276','3809726','TYNdcw2u','1','2015-04-26 23:52:28',NULL,'0'),('49832','3269847','2nUIy9OG','1','2015-04-26 23:50:21',NULL,'0'),('50184','4753960','mJzIY87Z','1','2015-04-26 23:50:17',NULL,'0'),('50296','4219806','5EzG4pBO','1','2015-04-26 23:50:14',NULL,'0'),('50346','7396042','HQOPVwdk','1','2015-04-26 23:50:25',NULL,'1'),('50436','4136275','GVtaCbwE','1','2015-04-26 23:50:23',NULL,'1'),('50476','4123086','PGQieZf1','1','2015-04-26 23:50:21',NULL,'0'),('50492','6953821','4YDb0v3e','1','2015-04-26 23:52:29',NULL,'0'),('50496','1306594','GXDbmcke','1','2015-04-26 23:52:20',NULL,'0'),('50683','1063528','m1lTgG3N','1','2015-04-26 23:50:17',NULL,'1'),('50691','3217604','ix0jgHmb','1','2015-04-26 23:50:22',NULL,'1'),('50714','0951732','z9WLqMGj','1','2015-04-26 23:50:22',NULL,'1'),('50731','7583296','wjaiJkSg','1','2015-04-26 23:50:25',NULL,'0'),('50736','8497013','2E5vwjFO','1','2015-04-26 23:50:20',NULL,'1'),('50874','7642591','KvXynbAE','1','2015-04-26 23:52:24',NULL,'1'),('50913','9370624','ofLapqQ7','1','2015-04-26 23:50:22',NULL,'0'),('50938','0249536','XRPeiI6j','1','2015-04-26 23:52:30',NULL,'0'),('51640','5748012','zAFTn6Kv','1','2015-04-26 23:50:19',NULL,'0'),('51789','4916230','M37miQBf','1','2015-04-26 23:50:20',NULL,'0'),('51832','7640318','Xh3ARarq','1','2015-04-26 23:50:24',NULL,'0'),('51836','6857412','DdGbJ76E','1','2015-04-26 23:50:25',NULL,'1'),('51847','1764308','pyHTaU50','1','2015-04-26 23:52:28',NULL,'1'),('51892','4753960','9RtsxIWU','1','2015-04-26 23:52:20',NULL,'0'),('51964','4136275','LfpqYcIG','1','2015-04-26 23:50:16',NULL,'0'),('52169','8324061','ihP2gSUH','1','2015-04-26 23:52:27',NULL,'1'),('52368','8025149','vD0yZKzc','1','2015-04-26 23:50:25',NULL,'0'),('52438','7436019','yQSklEfu','1','2015-04-26 23:50:18',NULL,'0'),('52604','9570218','Z3eStw82','1','2015-04-26 23:50:17',NULL,'1'),('52630','6910432','Zb8kw4iu','1','2015-04-26 23:50:25',NULL,'1'),('52837','0826459','TgrEWha3','1','2015-04-26 23:50:20',NULL,'0'),('52871','3862514','hdONS3fJ','1','2015-04-26 23:50:14',NULL,'0'),('53019','4695837','tDsnRfT9','1','2015-04-26 23:50:15',NULL,'0'),('53204','9732014','kEDYQBJu','1','2015-04-26 23:52:30',NULL,'1'),('53278','0765428','Zh6Suakg','1','2015-04-26 23:52:29',NULL,'0'),('53641','1832706','bwgO10un','1','2015-04-26 23:50:21',NULL,'1'),('53697','8075246','yqB25blX','1','2015-04-26 23:52:32',NULL,'1'),('53827','4386150','NL8HfJ7a','1','2015-04-26 23:50:24',NULL,'0'),('53864','7210843','ind5sNCR','1','2015-04-26 23:50:21',NULL,'1'),('54071','1536789','xUqyLTgZ','1','2015-04-26 23:50:16',NULL,'1'),('54218','0953248','BXMFQfUr','1','2015-04-26 23:52:26',NULL,'0'),('54370','0396174','VcnHR7lT','1','2015-04-26 23:50:25',NULL,'1'),('56029','0826459','iskL4SwH','1','2015-04-26 23:52:32',NULL,'0'),('56340','1562980','GVtaCbwE','1','2015-04-26 23:50:14',NULL,'0'),('56429','0749613','WwSGd09M','1','2015-04-26 23:50:26',NULL,'0'),('56807','0243815','V5yXemEb','1','2015-04-26 23:50:20',NULL,'1'),('57219','4528071','H2r6hntq','1','2015-04-26 23:50:25',NULL,'1'),('57361','4309576','Kwjv25AW','1','2015-04-26 23:50:17',NULL,'0'),('57918','4702653','yhEtd9aH','1','2015-04-26 23:52:29',NULL,'0'),('58134','6357014','V9KJestz','1','2015-04-26 23:52:29',NULL,'0'),('58149','4739281','1i35Ojfc','1','2015-04-26 23:52:27',NULL,'0'),('58431','8642791','wJPhMISp','1','2015-04-26 23:52:28',NULL,'0'),('58723','7480613','LEfTHlNn','1','2015-04-26 23:50:23',NULL,'1'),('59104','5714683','ofLapqQ7','1','2015-04-26 23:50:26',NULL,'1'),('59386','3176092','3FLu6Dw4','1','2015-04-26 23:52:20',NULL,'1'),('60198','7213045','klPXj8Ue','1','2015-04-26 23:52:29',NULL,'1'),('60379','4568791','fNSo7v0d','1','2015-04-26 23:52:29',NULL,'1'),('60481','7842316','U3AZDbar','1','2015-04-26 23:50:15',NULL,'0'),('60714','9015247','Y7CZAhft','1','2015-04-26 23:52:27',NULL,'1'),('60741','3154869','hdONS3fJ','1','2015-04-26 23:50:21',NULL,'1'),('60954','8729563','bwgO10un','1','2015-04-26 23:52:25',NULL,'1'),('61074','2541367','76TvyCKo','1','2015-04-26 23:50:22',NULL,'0'),('61237','8497013','2F9Opkof','1','2015-04-26 23:50:15',NULL,'0'),('61509','2689145','Ooj9tE42','1','2015-04-26 23:50:22',NULL,'0'),('61853','0963182','G9IZBCpt','1','2015-04-26 23:50:14',NULL,'0'),('61945','0246985','N023gRTe','1','2015-04-26 23:50:25',NULL,'1'),('61973','4062395','zM7IVsFS','1','2015-04-26 23:50:14',NULL,'1'),('61974','5947836','TY4pStMd','1','2015-04-26 23:50:18',NULL,'0'),('62190','0487961','KngZ9pOW','1','2015-04-26 23:50:25',NULL,'0'),('62438','2413907','Kwjv25AW','1','2015-04-26 23:52:26',NULL,'1'),('62483','1034782','gajpNQAT','1','2015-04-26 23:52:20',NULL,'1'),('62840','1704289','v3dqUINp','1','2015-04-26 23:52:25',NULL,'0'),('62914','5930814','ax6nwrYo','1','2015-04-26 23:50:23',NULL,'1'),('63092','9605132','5CqD6K1i','1','2015-04-26 23:52:31',NULL,'1'),('63105','6857412','TGOf1CJu','1','2015-04-26 23:52:30',NULL,'1'),('63450','2076348','pKQANYo5','1','2015-04-26 23:52:31',NULL,'1'),('63509','2695078','rSxFbTuQ','1','2015-04-26 23:50:20',NULL,'1'),('63871','9347168','wzUDXAdT','1','2015-04-26 23:52:30',NULL,'1'),('64073','6729051','RN5k4IfU','1','2015-04-26 23:50:15',NULL,'1'),('64108','7092348','z8k5ynC7','1','2015-04-26 23:50:19',NULL,'0'),('64718','5943872','PSlv7aGR','1','2015-04-26 23:52:29',NULL,'1'),('64738','0164729','ELGiRHut','1','2015-04-26 23:52:29',NULL,'0'),('65329','4172359','mDw8Nfin','1','2015-04-26 23:52:27',NULL,'0'),('65834','9370624','5RJDKQIz','1','2015-04-26 23:50:17',NULL,'0'),('65984','4753960','WyEmbhiu','1','2015-04-26 23:50:17',NULL,'1'),('67105','0982573','BXMFQfUr','1','2015-04-26 23:50:18',NULL,'1'),('67418','0742159','GuJHWmPF','1','2015-04-26 23:50:14',NULL,'1'),('67420','5480731','SKbBaQsE','1','2015-04-26 23:50:17',NULL,'0'),('67512','0243815','LcxqKEiu','1','2015-04-26 23:50:13',NULL,'0'),('67910','4210398','JcWGPAQV','1','2015-04-26 23:50:15',NULL,'0'),('68037','4089721','glO7jinT','1','2015-04-26 23:52:31',NULL,'1'),('68270','9862301','EQa9h5Db','1','2015-04-26 23:50:19',NULL,'0'),('68290','7521968','E2eXDWMg','1','2015-04-26 23:50:20',NULL,'0'),('68571','6413827','1beVwLyp','1','2015-04-26 23:50:16',NULL,'1'),('68715','1306594','xtuQnDYB','1','2015-04-26 23:50:16',NULL,'1'),('69148','7583296','0EkZ8aTo','1','2015-04-26 23:50:15',NULL,'0'),('69437','3105829','PGQieZf1','1','2015-04-26 23:50:21',NULL,'0'),('69852','2584317','wjaiJkSg','1','2015-04-26 23:50:15',NULL,'1'),('70231','3651742','zRaWGbJL','1','2015-04-26 23:50:14',NULL,'1'),('70289','0749613','71QiloDx','1','2015-04-26 23:50:15',NULL,'0'),('70315','5247963','6ijYoaJI','1','2015-04-26 23:52:30',NULL,'0'),('70564','3154869','pC7VrSBE','1','2015-04-26 23:50:21',NULL,'0'),('70583','8254173','3MXvwmt7','1','2015-04-26 23:52:26',NULL,'0'),('70816','7210843','pxze7wHm','1','2015-04-26 23:50:19',NULL,'0'),('70821','1086274','mHqDht5w','1','2015-04-26 23:52:32',NULL,'1'),('71024','5023467','vAK8V2FL','1','2015-04-26 23:52:31',NULL,'0'),('71238','8651924','y2Rxm0r5','1','2015-04-26 23:50:15',NULL,'1'),('71269','8612307','lmHkUpDZ','1','2015-04-26 23:50:13',NULL,'0'),('71895','5076382','WRdisv6w','1','2015-04-26 23:52:25',NULL,'1'),('71965','8490352','Dj87WmoL','1','2015-04-26 23:52:31',NULL,'1'),('71968','5794126','5eogfQWS','1','2015-04-26 23:52:32',NULL,'0'),('72018','5874621','ONY9C4IH','1','2015-04-26 23:52:29',NULL,'0'),('72358','8429150','SojGLP97','1','2015-04-26 23:50:25',NULL,'1'),('72613','2895346','8WjeZqr7','1','2015-04-26 23:50:17',NULL,'0'),('72804','2931856','SJUD5NXl','1','2015-04-26 23:50:21',NULL,'1'),('72936','5942708','Ldxlb2e9','1','2015-04-26 23:52:29',NULL,'1'),('72980','5049623','8OLzaE1c','1','2015-04-26 23:52:20',NULL,'0'),('73156','1729645','d8RPH7Wf','1','2015-04-26 23:50:15',NULL,'0'),('73189','0951732','aX5ujSDG','1','2015-04-26 23:50:22',NULL,'0'),('73459','8075246','v3dqUINp','1','2015-04-26 23:50:20',NULL,'1'),('73624','5942708','tKgTIqVf','1','2015-04-26 23:50:19',NULL,'0'),('73680','7891023','DoGULEr4','1','2015-04-26 23:50:18',NULL,'1'),('73804','1678950','yQSklEfu','1','2015-04-26 23:50:22',NULL,'0'),('73896','9678041','z9WLqMGj','1','2015-04-26 23:50:23',NULL,'0'),('73926','3597860','xKlZTQWw','1','2015-04-26 23:52:32',NULL,'0'),('74103','7083125','mJzIY87Z','1','2015-04-26 23:52:30',NULL,'1'),('74132','3628571','x5zX1gPi','1','2015-04-26 23:52:32',NULL,'0'),('74360','1426530','f5iYNgWM','1','2015-04-26 23:50:25',NULL,'1'),('74386','7521943','XuLKlgka','1','2015-04-26 23:50:20',NULL,'0'),('74698','9754123','TgrEWha3','1','2015-04-26 23:50:25',NULL,'1'),('74803','3214605','klPXj8Ue','1','2015-04-26 23:52:26',NULL,'0'),('75248','1946753','D73cIAaR','1','2015-04-26 23:52:31',NULL,'0'),('75402','3624108','mv6XtndF','1','2015-04-26 23:50:16',NULL,'0'),('75403','4570163','Z4byv1Md','1','2015-04-26 23:50:20',NULL,'1'),('75438','3860219','ZK6XBExj','1','2015-04-26 23:50:19',NULL,'1'),('75604','6987152','E2eXDWMg','1','2015-04-26 23:52:28',NULL,'0'),('75683','3640587','D2WgVcQO','1','2015-04-26 23:50:19',NULL,'0'),('75902','0246985','xpcU9T7R','1','2015-04-26 23:52:27',NULL,'0'),('75942','4351072','tpc4wMx8','1','2015-04-26 23:50:16',NULL,'0'),('76059','3810926','Kwjv25AW','1','2015-04-26 23:50:20',NULL,'0'),('76129','6148932','SojGLP97','1','2015-04-26 23:50:20',NULL,'1'),('76204','0628173','76TvyCKo','1','2015-04-26 23:52:31',NULL,'0'),('76218','5749102','Dj87WmoL','1','2015-04-26 23:50:25',NULL,'1'),('76410','3640587','8dG9RJUS','1','2015-04-26 23:50:25',NULL,'1'),('76430','8491072','jn6PC9yM','1','2015-04-26 23:52:32',NULL,'1'),('76492','8491072','Y7CZAhft','1','2015-04-26 23:50:24',NULL,'1'),('76812','8203179','EQa9h5Db','1','2015-04-26 23:52:32',NULL,'1'),('78314','8075246','hw81cPDm','1','2015-04-26 23:52:27',NULL,'0'),('78345','2380147','XxTnmwlK','1','2015-04-26 23:50:24',NULL,'0'),('78615','2357184','8OLzaE1c','1','2015-04-26 23:50:16',NULL,'1'),('78635','2978465','z5Ey2gVN','1','2015-04-26 23:52:27',NULL,'1'),('78693','5742308','aB2cR4uX','1','2015-04-26 23:52:29',NULL,'1'),('79035','2061394','YaDhOxbB','1','2015-04-26 23:52:25',NULL,'1'),('79253','8276359','voXsWZ5L','1','2015-04-26 23:52:32',NULL,'0'),('79486','4615978','yd4wifUK','1','2015-04-26 23:52:28',NULL,'1'),('80147','2918547','zV21fPoS','1','2015-04-26 23:52:31',NULL,'0'),('80165','0628173','yJ0W83t9','1','2015-04-26 23:50:26',NULL,'0'),('80174','4819027','dFq674s8','1','2015-04-26 23:50:26',NULL,'0'),('80175','0249536','34AnOYxp','1','2015-04-26 23:52:29',NULL,'0'),('80176','5074916','wzUDXAdT','1','2015-04-26 23:50:24',NULL,'0'),('80415','5096214','uy7OElM5','1','2015-04-26 23:50:26',NULL,'0'),('80642','8490352','mJzIY87Z','1','2015-04-26 23:50:15',NULL,'1'),('80719','7564318','DdGbJ76E','1','2015-04-26 23:52:26',NULL,'1'),('80931','1586079','XdzVvkMb','1','2015-04-26 23:52:30',NULL,'0'),('80937','8401637','uPVW9n0c','1','2015-04-26 23:50:22',NULL,'1'),('81275','8602143','layH1iXW','1','2015-04-26 23:50:19',NULL,'0'),('81347','5714683','mOMfjUT4','1','2015-04-26 23:50:15',NULL,'0'),('81435','0389452','GwsXUA3B','1','2015-04-26 23:50:14',NULL,'0'),('81902','4568791','6jZwX8Ri','1','2015-04-26 23:50:16',NULL,'1'),('82461','1825403','IAuOwK2o','1','2015-04-26 23:50:14',NULL,'0'),('82469','9862301','Z4byv1Md','1','2015-04-26 23:52:29',NULL,'0'),('82471','2314607','Y7CZAhft','1','2015-04-26 23:50:16',NULL,'1'),('82473','3967421','aX5ujSDG','1','2015-04-26 23:52:26',NULL,'0'),('82603','0164729','xqF15krP','1','2015-04-26 23:52:27',NULL,'0'),('82641','9614850','PSlv7aGR','1','2015-04-26 23:50:18',NULL,'0'),('82674','0849765','DoGULEr4','1','2015-04-26 23:52:28',NULL,'0'),('82691','3564807','uOkc0nNI','1','2015-04-26 23:52:32',NULL,'0'),('82753','7253089','uPVW9n0c','1','2015-04-26 23:52:25',NULL,'0'),('83015','1832706','TrlZ1PNy','1','2015-04-26 23:50:23',NULL,'0'),('83021','4309576','VDXvQIkT','1','2015-04-26 23:50:24',NULL,'1'),('83275','3810926','v3dqUINp','1','2015-04-26 23:52:28',NULL,'0'),('83406','4728365','DdGbJ76E','1','2015-04-26 23:50:19',NULL,'0'),('83752','5046129','2ClrbJDK','1','2015-04-26 23:52:31',NULL,'1'),('84105','8165239','xpcU9T7R','1','2015-04-26 23:52:27',NULL,'0'),('84109','7891023','dpzBho5P','1','2015-04-26 23:52:29',NULL,'1'),('84263','1758234','mJzIY87Z','1','2015-04-26 23:50:22',NULL,'1'),('84671','1134010049','9Q7scZNE','1','2015-04-26 23:52:31',NULL,'0'),('84706','4873152','6p8tRxqb','1','2015-04-26 23:52:25',NULL,'0'),('85012','3049652','dtTM1VBf','1','2015-04-26 23:52:20',NULL,'0'),('85297','4351072','mo19f4iv','1','2015-04-26 23:52:32',NULL,'1'),('85407','0831624','DdGbJ76E','1','2015-04-26 23:52:28',NULL,'1'),('86120','5748012','H2r6hntq','1','2015-04-26 23:52:32',NULL,'1'),('86234','5096214','ujmxkhQf','1','2015-04-26 23:50:16',NULL,'1'),('86397','2413907','uOkc0nNI','1','2015-04-26 23:50:18',NULL,'0'),('86749','9415602','najl9cDU','1','2015-04-26 23:52:32',NULL,'0'),('86750','2413907','5EzG4pBO','1','2015-04-26 23:50:20',NULL,'0'),('87301','6953821','DdGbJ76E','1','2015-04-26 23:50:21',NULL,'1'),('87695','6357014','XRPeiI6j','1','2015-04-26 23:50:22',NULL,'1'),('87902','8254173','9liNqbea','1','2015-04-26 23:52:32',NULL,'1'),('89247','5046718','FEy1XVam','1','2015-04-26 23:52:31',NULL,'0'),('89436','8503941','hdONS3fJ','1','2015-04-26 23:52:29',NULL,'0'),('90126','0947835','ReMsPQug','1','2015-04-26 23:50:15',NULL,'0'),('90284','1657392','gufQ90B4','1','2015-04-26 23:52:25',NULL,'0'),('90425','9175803','p6elk48J','1','2015-04-26 23:50:20',NULL,'0'),('90675','0849765','duQB9aEy','1','2015-04-26 23:50:26',NULL,'1'),('90724','0625873','CzjKlFY5','1','2015-04-26 23:52:20',NULL,'1'),('90812','1895246','71QiloDx','1','2015-04-26 23:50:17',NULL,'1'),('90826','0715346','fQKHN5GS','1','2015-04-26 23:50:25',NULL,'0'),('90836','3210746','nF9XkUt6','1','2015-04-26 23:52:27',NULL,'0'),('91286','8025149','gufQ90B4','1','2015-04-26 23:50:26',NULL,'1'),('91804','0934658','HQOPVwdk','1','2015-04-26 23:50:17',NULL,'0'),('91874','0715346','vG3Kag5y','1','2015-04-26 23:50:18',NULL,'0'),('92364','1497528','lSOfxXkh','1','2015-04-26 23:52:31',NULL,'0'),('92605','1289037','3FLu6Dw4','1','2015-04-26 23:52:26',NULL,'0'),('93680','1729645','9RtsxIWU','1','2015-04-26 23:50:14',NULL,'0'),('93746','0963182','0DZxSUv3','1','2015-04-26 23:50:22',NULL,'0'),('94051','4561289','yQSklEfu','1','2015-04-26 23:52:28',NULL,'0'),('94216','3429608','SJUD5NXl','1','2015-04-26 23:50:25',NULL,'1'),('94516','2061394','51rV7O8g','1','2015-04-26 23:50:22',NULL,'1'),('94581','5921863','j2YqXKCb','1','2015-04-26 23:50:20',NULL,'0'),('94637','6857412','xnNRI3yr','1','2015-04-26 23:50:16',NULL,'0'),('94736','2069478','pC7VrSBE','1','2015-04-26 23:52:32',NULL,'0'),('94813','0826459','jFhtOd4N','1','2015-04-26 23:50:18',NULL,'0'),('95238','6953728','IMTUkqjz','1','2015-04-26 23:52:25',NULL,'1'),('95270','0487961','l5o7bH2C','1','2015-04-26 23:50:15',NULL,'0'),('95280','0967251','FEy1XVam','1','2015-04-26 23:50:23',NULL,'0'),('95367','3967421','duQB9aEy','1','2015-04-26 23:50:14',NULL,'0'),('95370','4297568','pC7VrSBE','1','2015-04-26 23:52:25',NULL,'0'),('95482','3627508','MT49cvVe','1','2015-04-26 23:50:20',NULL,'0'),('95604','5960237','GCPNMIxy','1','2015-04-26 23:52:26',NULL,'0'),('95713','2309741','ASCz1QK0','1','2015-04-26 23:52:28',NULL,'1'),('95842','4017963','WyEmbhiu','1','2015-04-26 23:50:25',NULL,'0'),('95843','2895346','jtfxkOz3','1','2015-04-26 23:50:18',NULL,'1'),('96130','9821075','oHuxnOAZ','1','2015-04-26 23:50:21',NULL,'0'),('96245','8401637','FBw4N7Df','1','2015-04-26 23:52:32',NULL,'0'),('96387','1273486','zaP8xTK4','1','2015-04-26 23:52:30',NULL,'1'),('96850','8659743','aB2cR4uX','1','2015-04-26 23:52:26',NULL,'0'),('97561','1209657','q3NJ5Mwv','1','2015-04-26 23:52:28',NULL,'1'),('97586','0632159','FrJPKIhM','1','2015-04-26 23:50:19',NULL,'0'),('97826','6734150','Z1BLmIYk','1','2015-04-26 23:52:29',NULL,'0'),('97846','6148932','K1fLo9MG','1','2015-04-26 23:52:28',NULL,'1'),('98072','6953728','H2r6hntq','1','2015-04-26 23:50:22',NULL,'1'),('98140','4528071','mhXUyYKJ','1','2015-04-26 23:50:14',NULL,'0'),('98214','9678041','HQOPVwdk','1','2015-04-26 23:52:31',NULL,'0'),('98231','0479623','a3PTiw2u','1','2015-04-26 23:50:13',NULL,'0'),('98237','3429608','mDw8Nfin','1','2015-04-26 23:50:25',NULL,'0'),('98314','9758601','76TvyCKo','1','2015-04-26 23:50:19',NULL,'1'),('98346','4753960','2bFotxAO','1','2015-04-26 23:50:22',NULL,'0'),('98572','5023467','Q6fYBPph','1','2015-04-26 23:50:24',NULL,'1'),('98617','9758601','ikL0IOva','1','2015-04-26 23:50:22',NULL,'1');

#
# Structure for table "galeri"
#

DROP TABLE IF EXISTS `galeri`;
CREATE TABLE `galeri` (
  `idgaleri` varchar(11) NOT NULL DEFAULT '',
  `idproduk` varchar(11) DEFAULT NULL,
  `keterangan` varchar(255) DEFAULT NULL,
  PRIMARY KEY (`idgaleri`),
  KEY `FK_GALERI_idx` (`idproduk`),
  CONSTRAINT `FK_GALERI` FOREIGN KEY (`idproduk`) REFERENCES `produk` (`idproduk`) ON DELETE NO ACTION ON UPDATE NO ACTION
) ENGINE=InnoDB DEFAULT CHARSET=latin1;

#
# Data for table "galeri"
#

